state,chr_release_year,unemployment_rate,pct_frequent_mental_distress,income_inequality,social_associations,pct_uninsured,drug_overdose_deaths,pct_excessive_drinking,pct_adult_smoking
Alabama,2019,4.396785169999999,14.54883116,5.238579235,12.242715851,10.7717996,15.941603447,14.17814586,21.5381544
Alabama,2020,3.93356691,15.82663382,5.2611357399,12.371924122,11.04478259,16.176762375,13.903515289999998,20.92735311
Alabama,2021,3.00055492,15.85646852,5.2381653052,12.320292414,11.88465474,16.214591182,14.89137764,19.98983096
Alabama,2022,5.87700638,18.28465548,5.157920311,12.155364319,11.59953796,17.481628657,14.79924765,21.092716
Alabama,2023,3.43902829,16.48429623,5.1766763312,11.910925297,11.82271569,17.481628657,16.14162693,19.5
Alaska,2019,7.1606952900000005,9.75442901,4.0309946299,11.308893184,15.51729447,17.881908238,19.12504204,19.0354082
Alaska,2020,6.587537760000001,11.89523462,4.1091340798,11.354496854,14.75762792,17.349164784,21.29393789,21.00785366
Alaska,2021,6.13897371,10.71115441,4.1607925043,11.282304411,13.913269,17.611548105,17.61088281,18.54598251
Alaska,2022,7.82810184,12.02979151,4.0640931649,11.523556309,12.6760631,18.271556232,18.14785009,17.32177599
Alaska,2023,6.38791219,9.93070671,4.1932968309,11.392886353,12.95865617,18.271556232,20.04469959,18.0
Arizona,2019,4.8695317199999995,11.8353243,4.6467128939,5.5676821086,11.93297486,20.158450814,17.28136271,14.71475109
Arizona,2020,4.83188061,12.50655324,4.5833229672,5.6639781536,12.10220861,21.705586542,16.70870284,15.555003009999998
Arizona,2021,4.69565864,12.76792596,4.5332181561,5.6095908805,12.80364877,23.799726767,18.126878830000003,14.48927785
Arizona,2022,7.90060778,14.97291861,4.4854002318,5.5916447912,13.591481320000002,28.013286903,17.3805594,15.62910521
Arizona,2023,4.89156231,13.992638669999998,4.4365280039,5.4571906302,13.48851258,28.013286903,17.39264492,13.7
Arkansas,2019,3.67983684,17.075158039999998,4.7863026975,12.080657295,9.40644043,13.811583471,15.92173489,23.58488517
Arkansas,2020,3.70241021,18.31754545,4.7742783505,12.14268049,9.3032678,14.334327595,15.80533385,22.28625875
Arkansas,2021,3.5486761399999995,16.70526321,4.7832718572,11.984770184,9.61174387,14.143570298,17.253907769999998,23.70825558
Arkansas,2022,6.05124865,18.49201512,4.7451646879,12.018673181,10.8164169,15.206102834,15.93922112,21.10430259
Arkansas,2023,4.02527333,18.72401645,4.7800392461,11.747151151,10.16613988,15.206102834,17.786342429999998,21.6
California,2019,4.758103269999999,10.56743928,5.2549626387,5.8257299608,8.379929,12.024778319,17.81262457,10.97292811
California,2020,4.20352659,10.79960925,5.2577127945,5.879607462,8.2071999,12.565094817,19.2207998,11.33626274
California,2021,4.03985189,11.2754709,5.1643253729,5.9053956128,8.34185402,13.839106734,18.1269825,11.47400749
California,2022,10.13801157,11.99810203,5.1420951773,5.966508136,8.93276532,17.269890529,18.79368726,10.09075769
California,2023,7.29923779,12.69061179,5.1396269418,6.0414430189,8.169805669999999,17.269890529,18.40291257,9.0
Colorado,2019,2.83517032,10.6872722,4.4327782647,8.6146759931,8.55923635,17.019715347,20.60369309,15.593331760000002
Colorado,2020,3.28152633,11.75874658,4.3830492738,8.7513201885,8.66753064,17.526295232,20.46852033,14.62950476
Colorado,2021,2.75244334,11.29570888,4.381465859,8.7875406193,8.76847033,18.105139222,21.27752758,14.67335961
Colorado,2022,7.26300642,12.44336965,4.3533424284,8.6407850612,9.41528797,20.658070183,20.1349105,13.56580105
Colorado,2023,5.36747992,13.09118114,4.3273974149,8.5420799457,9.88810238,20.658070183,20.2520917,12.6
Connecticut,2019,4.6763328600000005,11.20162302,5.0100429446,9.4115620733,5.769331660000001,26.432933706,18.37566878,13.34553388
Connecticut,2020,4.10656937,10.08980228,5.072007913,9.4894799152,6.27172757,28.983074983,17.11073048,12.73098058
Connecticut,2021,3.7294405,11.3203865,5.0794863563,9.362758613,6.21346516,31.278738215,20.46557381,12.53833597
Connecticut,2022,7.9037953,11.64670218,5.0413680884,9.2166493188,7.047961430000001,34.165632067,19.20875173,12.62480421
Connecticut,2023,6.25602463,13.50913809,5.1026058632,9.1284636574,5.431595270000001,34.165632067,17.42079275,12.6
Delaware,2019,4.59243741,11.67495203,4.4119188904,10.156869541,6.74633068,28.602018645,18.40834197,17.657678909999998
Delaware,2020,3.757371000000001,14.28087773,4.3974174026,10.312504223,6.0792233,35.436931113,16.8261389,17.030059719999997
Delaware,2021,3.78028383,13.13529235,4.3809281671,10.349772688,6.781791119999999,40.442678532,19.81064717,17.4486198
Delaware,2022,7.82498106,14.35806088,4.3719475878,10.28996759,7.99097391,43.719669479,20.4722258,16.415776479999998
Delaware,2023,5.3493839,13.03706637,4.3939098123,10.103272264,7.54777643,43.719669479,17.32860323,15.8
Florida,2019,4.1528205,11.91071245,4.6796714579,7.1403486021,15.35173092,21.083559509,17.52202504,15.47759345
Florida,2020,3.5672411699999995,12.88553843,4.6598333842,7.0947942281,15.95432972,23.076129094,17.12921818,16.09237241
Florida,2021,3.10245123,13.36409612,4.612303113,6.9969353489,16.14210706,23.609872685,19.72849248,14.89251919
Florida,2022,7.72661848,14.20441727,4.5658108162,6.9741984456,16.37081846,26.657727949,20.18391597,15.254953469999998
Florida,2023,4.55471754,12.93058069,4.6099951188,6.9722461077,15.49139874,26.657727949,17.1809654,15.5
Georgia,2019,4.7375308,12.50792102,4.950378159,8.8735895149,14.88510848,13.674861353,15.05168029,17.886382049999998
Georgia,2020,3.94024833,12.44118215,4.9238554217,8.9986182303,15.530213709999998,13.867906194,14.39644718,17.453798879999997
Georgia,2021,3.4246529800000003,13.20795969,4.8595157425,8.8131774637,15.90398729,13.777361201,16.81381316,16.34341017
Georgia,2022,6.52517819,15.46249931,4.8509685854,8.8797441714,15.71063885,14.846021977,17.805192429999998,16.51531267
Georgia,2023,3.91835092,14.66165918,4.8619338954,8.8440569235,15.31309037,14.846021977,16.235556239999998,16.3
Hawaii,2019,2.36016218,9.55840233,4.3918445867,6.5100657517,4.20895145,13.130588955,20.30557017,13.05144165
Hawaii,2020,2.44675757,9.67906111,4.4012497346,6.5707532829,4.63213712,14.19356468,21.12971317,12.79333997
Hawaii,2021,2.70965666,10.34187966,4.376744321,6.5822310736,4.720779139999999,15.431877992,22.9525804,14.39195414
Hawaii,2022,11.63160241,11.48724137,4.3138609484,6.7661483524,4.76127932,17.179745622,20.68262387,12.90663099
Hawaii,2023,5.71877824,11.11549909,4.332813862,6.652423657,4.69207042,17.179745622,18.96939313,12.2
Idaho,2019,3.15597378,11.05311981,4.2726991287,7.4265955298,11.77938088,13.788292928,17.36145271,14.48019335
Idaho,2020,2.83774418,10.9502465,4.2699477058,7.4085161825,11.80736053,14.143555341,16.585566030000003,14.3493365
Idaho,2021,2.90838953,11.89859449,4.200779572,7.4050511684,13.13545646,14.282410612,17.10213814,14.96217822
Idaho,2022,5.3565684099999995,13.67190333,4.1008278022,7.2856891048,12.74920137,14.939869818,19.55761825,15.852726189999998
Idaho,2023,3.56879983,13.04572064,4.0241778506,7.0829864367,11.1555706,14.939869818,17.05263819,14.2
Illinois,2019,4.95808222,9.95558662,4.9842058129,9.8386608048,7.49399838,18.261441603,21.11437424,15.80194909
Illinois,2020,4.30249828,10.95022455,4.9794153328,9.9429597963,7.88852633,20.63130489,21.444618069999997,15.45940345
Illinois,2021,3.96885808,11.50950112,5.0080275664,9.986594543,8.11944338,21.693095608,21.53659848,15.88459016
Illinois,2022,9.46712753,12.73171242,4.9896744901,9.887292442,8.734728819999999,23.844466396,22.945807570000003,14.83168683
Illinois,2023,6.06029099,10.1669767,4.9667871279,9.7763421418,8.3676345,23.844466396,15.355156119999998,12.8
Indiana,2019,3.52552104,13.27882356,4.3949694385,12.274890612,9.45667207,23.208354445,18.59123098,21.14018267
Indiana,2020,3.43440514,15.04822338,4.370231421,12.323720252,9.608094,25.045332452,17.61904551,21.77782905
Indiana,2021,3.31560966,14.680152,4.3363610674,12.277569914,9.72986628,25.782797847,18.64616385,21.7150271
Indiana,2022,7.11156131,14.78137814,4.3256360999,11.993073903,10.32267376,27.99438031,17.694690050000002,19.912040750000003
Indiana,2023,3.5641750799999996,15.83520391,4.3254575707,11.877210693,8.97209709,27.99438031,18.3941772,20.200000000000003
Iowa,2019,3.12909762,10.11733994,4.2517205085,15.095577143,4.98012015,10.250626761,22.10636869,16.74289571
Iowa,2020,2.52364173,11.07655135,4.2396920311,15.242976866,5.47798164,9.9824628686,22.10570701,17.080017429999998
Iowa,2021,2.74954524,10.5339365,4.21507242,15.005647713,5.6099653,10.362775388,25.77276296,17.40317642
Iowa,2022,5.26036591,12.82256963,4.2003007078,14.807912344,5.7339037699999995,11.303697312,24.55226433,17.42549856
Iowa,2023,4.22855206,13.61136348,4.1821225194,14.483678361,5.74720248,11.303697312,24.65812821,16.8
Kansas,2019,3.62282432,10.03331586,4.3431108938,13.706927657,9.9407165,11.165759072,17.38775729,17.22376508
Kansas,2020,3.3621683,11.56150291,4.3475811535,13.710371996,10.13281869,11.349168802,18.67714248,17.384273519999997
Kansas,2021,3.16523602,12.63174392,4.3440937988,13.621821017,10.0977428,12.37133412,18.20806756,17.94102802
Kansas,2022,5.87904046,14.39015569,4.3313337777,13.503522106,10.71353455,14.166990135,20.00991543,16.83942979
Kansas,2023,3.23244493,14.31282153,4.355984094,13.230123498,10.33066661,14.166990135,19.65506397,17.2
Kentucky,2019,4.88731586,15.367358850000002,5.1215514443,10.608581434,6.02547767,31.975957204,15.778881210000002,24.47088085
Kentucky,2020,4.33244358,16.482534830000002,5.0826390686,10.691059585,6.36892325,32.186676737,17.25353786,24.59343153
Kentucky,2021,4.29480502,17.21471484,5.0264717503,10.58991559,6.67801073,31.821628013,17.160197569999998,24.10873744
Kentucky,2022,6.646322420000001,17.98067433,4.9583886886,10.569260552,7.64493206,35.621291841,18.20838545,24.53331593
Kentucky,2023,4.67423876,17.95593261,4.9565139424,10.372436122,6.922196510000001,35.621291841,16.83044575,22.2
Louisiana,2019,5.12786403,13.20422734,5.699915326,9.6098269291,11.83162954,21.123163861,18.461027,22.77381619
Louisiana,2020,4.88271463,16.59008926,5.6896003509,9.642781587,9.63473738,23.128513614,19.5900451,23.05077764
Louisiana,2021,4.82801834,16.33091235,5.7208514756,9.5300879103,9.28710868,25.119514218,19.72445823,21.08762124
Louisiana,2022,8.25407496,18.85204205,5.4374498797,9.5379575864,10.34945413,30.836837085,21.89615343,22.64167684
Louisiana,2023,5.48339128,18.22160105,5.7116793779,9.3039916751,9.62010692,30.836837085,21.937482959999997,18.9
Maine,2019,3.2790936200000003,13.95409487,4.6064249739,11.115458824,10.10007804,26.171499887,20.50413106,19.76057535
Maine,2020,3.3670173400000003,13.74663516,4.6060922996,11.288210931,10.245537,28.009456312,20.21985275,17.30342833
Maine,2021,3.02828206,15.70047663,4.5257152307,11.252207854,10.23123802,28.368631958,21.97924433,19.40244617
Maine,2022,5.43731625,15.644125850000002,4.4987672976,10.965532223,10.17282453,30.053881253,22.45712473,19.14415865
Maine,2023,4.62685954,13.63949977,4.5322762033,10.954411428,9.2544036,30.053881253,19.01948622,18.0
Maryland,2019,4.13771125,10.34276079,4.543963964,9.0119633731,7.030902310000001,30.849196612,16.53606648,13.68628613
Maryland,2020,3.92488655,11.81124792,4.5451913612,8.9951103545,7.02985666,36.524074251,16.629227450000002,13.84752518
Maryland,2021,3.57899056,11.35303549,4.5404783292,9.0307043949,6.9355433600000005,38.256780725,15.41489918,12.61292806
Maryland,2022,6.760909460000001,12.1429118,4.5122050891,8.9518466078,6.960200599999999,41.137112686,15.95516472,12.75089221
Maryland,2023,5.77298057,12.66234804,4.52502726,8.8543185527,6.693203239999999,41.137112686,14.59143765,11.1
Massachusetts,2019,3.71029856,12.17496662,5.4828918322,9.3705330135,2.98281738,29.898338807,20.12427904,13.61805295
Massachusetts,2020,3.33860559,11.45486788,5.4779781363,9.4259046777,3.27980786,32.254698184,21.34634262,13.66761859
Massachusetts,2021,2.9045666000000003,12.97135494,5.3988205672,9.4405380121,3.27577095,32.046330308,23.54608596,13.691869919999998
Massachusetts,2022,8.861822440000001,12.90040993,5.3612927805,9.3681497128,3.53782832,32.641754784,22.46698125,12.1957696
Massachusetts,2023,5.74243388,13.386150120000002,5.4488569086,9.3086692041,3.15610998,32.641754784,19.29640831,11.4
Michigan,2019,4.63866305,13.95733124,4.7074556854,9.8909178812,6.384517689999999,23.549981423,20.51313643,20.42855668
Michigan,2020,4.14581073,13.83217294,4.6818299414,9.9003132908,6.12313537,25.536591305,19.60625899,19.30484974
Michigan,2021,4.0801074,14.76447695,4.6363262114,9.7930004407,6.5018258,25.613553985,20.92030853,20.12128017
Michigan,2022,9.87665593,17.081657149999998,4.5984578885,9.7117641717,7.02504595,25.826957647,20.4730893,19.58071456
Michigan,2023,5.872215499999999,16.58703944,4.601824274,9.5790370895,6.40802011,25.826957647,20.06392245,19.3
Minnesota,2019,3.4523999200000004,9.61190549,4.3430621,12.974750505,4.7918151,11.973844204,22.89942502,15.2037811
Minnesota,2020,2.90988066,9.38559071,4.3182534626,13.020464419,5.08524378,12.215897341,21.71279577,14.51363317
Minnesota,2021,3.2317349099999997,10.86227322,4.2930325235,12.901032029,5.13613729,12.842137329,23.18634595,15.522667170000002
Minnesota,2022,6.17644103,12.07081532,4.2591223875,12.647988379,5.80254231,14.655651626,23.44871105,14.95352817
Minnesota,2023,3.40800057,12.83251115,4.2432810587,12.426330245,5.91693063,14.655651626,21.53299087,14.3
Mississippi,2019,5.07460075,14.491920790000002,5.3349223811,12.55718992,13.97982996,11.790086489,13.67704493,22.74065128
Mississippi,2020,4.76095293,16.10487182,5.3073494047,12.663784726,14.46177895,11.340100784,13.6364223,22.18639774
Mississippi,2021,5.4247292,15.72658095,5.3461053115,12.666874265,14.4407163,11.825484904,14.75048705,20.96281168
Mississippi,2022,8.08413189,17.62242491,5.3874110993,12.559855034,15.40041812,14.446554189,15.87757288,21.12115212
Mississippi,2023,5.5682192399999995,14.61405533,5.3325273339,12.35006502,13.94502419,14.446554189,16.43037995,20.7
Missouri,2019,3.75625466,13.8434806,4.5813448042,11.591990809,10.58955249,20.798018437,19.47279093,22.13770891
Missouri,2020,3.1969946300000003,14.19197482,4.5767941855,11.778788432,10.90508781,23.71681555,19.75779505,20.77499287
Missouri,2021,3.2940166799999995,14.83053295,4.5458949303,11.644586459,11.36301693,24.813069435,20.50213683,20.07718611
Missouri,2022,6.07797662,15.5920946,4.4826504765,11.516224712,11.94582562,27.520403001,19.47944798,20.43055405
Missouri,2023,4.378411069999999,15.942469779999998,4.5200045681,11.35161426,12.17118368,27.520403001,19.95421382,18.6
Montana,2019,4.03020609,10.64997486,4.5404612352,14.110041054,10.04805066,12.028297209,20.712900410000003,18.52979131
Montana,2020,3.72153336,11.86566847,4.4922177278,14.269490611,10.44142312,11.504387196,20.94283236,17.158146969999997
Montana,2021,3.48320441,12.18249481,4.4402098636,14.308508385,10.23511042,12.163782981,21.85167809,18.91565059
Montana,2022,5.88809489,14.44936409,4.4007747559,13.997294106,10.23106932,13.38871487,24.31937859,17.68534754
Montana,2023,3.37356411,13.896363849999998,4.4019663452,13.844455323,10.79585993,13.38871487,23.88784886,17.5
Nebraska,2019,2.93658226,9.68512728,4.2193287953,13.979223078,9.74766162,6.9539303859,21.13559461,16.990463950000002
Nebraska,2020,2.79483045,10.74980928,4.2142530139,14.140065289,9.6002101,7.1224328841,21.72827136,15.39411734
Nebraska,2021,3.0483752600000003,11.29182703,4.2244860228,13.958662042,9.44834985,7.7977064023,23.72978399,16.5660997
Nebraska,2022,4.230367220000001,11.41586812,4.1397014502,13.926741411,9.51535861,8.8429553191,23.20984875,15.119822050000002
Nebraska,2023,2.51429879,12.28016172,4.1418127191,13.553184637,9.48756449,8.8429553191,23.20479718,14.499999999999998
Nevada,2019,5.02969339,14.397031730000002,4.2616493259,4.2618206852,13.14619749,22.199715436,17.62246305,16.4775461
Nevada,2020,4.56011448,11.58542108,4.2711573695,4.2260957913,13.105958140000002,22.6135691,19.30241023,17.58640131
Nevada,2021,3.88847649,13.32498777,4.3184252206,4.4061545113,12.94080336,22.068376412,17.93865276,15.72420179
Nevada,2022,12.833004440000002,15.20604025,4.3300315504,4.2887438169,13.477178940000002,23.419920031,19.5095249,15.3191509
Nevada,2023,7.231836510000001,18.21696224,4.3848829525,4.2284591552,13.812892500000002,23.419920031,19.90432768,14.099999999999998
New Hampshire,2019,2.67135132,13.61931573,4.260218509,10.421075896,7.24908877,34.179948196,20.08400378,18.00979493
New Hampshire,2020,2.52563177,12.67454734,4.3235770333,10.351542864,7.02210663,34.704594492,20.73347979,15.66527419
New Hampshire,2021,2.54350979,15.09912001,4.330830695,10.446324177,7.065818760000001,32.668434605,20.20901071,16.622466659999997
New Hampshire,2022,6.68399564,15.33465184,4.3033883324,10.369850652,7.7011292,30.667903834,20.78627764,16.947645480000002
New Hampshire,2023,3.5054532399999996,14.7729667,4.312080073,10.31271157,7.85123428,30.667903834,19.86907977,14.7
New Jersey,2019,4.6278943,10.68116548,5.2260364226,8.3895421852,9.15255326,23.022785013,17.14463847,13.97079235
New Jersey,2020,4.146017710000001,11.98688768,5.236009017,8.5068874586,8.95784869,28.448953452,18.05530223,13.73893182
New Jersey,2021,3.55638734,11.18009316,5.2308151969,8.6669839659,8.74240704,31.310229742,15.98576015,13.21504933
New Jersey,2022,9.78619927,11.18009316,5.1460779002,8.6746624425,9.2836507,32.03604413,15.98576015,13.21504933
New Jersey,2023,6.34383939,12.721999810000002,5.1281490528,8.5371349609,8.72236074,32.03604413,18.62536085,11.1
New Mexico,2019,6.15218617,12.51592393,5.2047685835,8.2027279957,11.16396361,23.887970216,16.6121556,16.6211912
New Mexico,2020,4.94905154,14.209901659999998,5.2120081946,8.3043192996,10.99907515,24.423287173,16.17338999,17.48559441
New Mexico,2021,4.86421085,14.7382918,5.1472673337,8.1463071029,11.51437418,25.938139845,16.73749163,15.87770531
New Mexico,2022,8.418717019999999,15.209359889999998,5.1471659122,8.2219389373,12.08639243,30.48308062,17.39487313,16.49255685
New Mexico,2023,6.787525060000001,13.61783027,5.2079254518,8.0662045967,11.84152598,30.48308062,17.51674472,16.900000000000002
New York,2019,4.69333416,10.78692477,5.7160238157,7.9603798152,7.06768596,17.364736189,18.75191553,14.17557169
New York,2020,4.11132249,11.83372892,5.7355735325,7.9750525444,6.6337408,19.033802196,18.81306943,14.09140114
New York,2021,3.96065495,11.1091587,5.7460588492,8.1014382765,6.32813757,19.092476393,19.174581099999997,12.960593370000002
New York,2022,9.99192178,12.08676944,5.7288356243,8.1229344077,6.1847755300000005,21.049998401,18.987384839999997,12.88221562
New York,2023,6.939370929999999,13.06578283,5.7685441562,8.0701146872,6.095107990000001,21.049998401,17.63578875,12.3
North Carolina,2019,4.55041603,12.33323882,4.7586385463,11.485407993,12.24477608,19.489210669,16.69451425,17.87985476
North Carolina,2020,3.9045173,12.79671386,4.7567164853,11.497632872,12.64455498,21.520053336,16.86620227,17.19453047
North Carolina,2021,3.86905236,12.62431908,4.7042356482,11.453616369,12.74118787,22.279571668,17.59702142,17.93806278
North Carolina,2022,7.34129854,14.01268832,4.6744647433,11.335721567,13.436801849999998,24.373638634,16.5439424,18.86418403
North Carolina,2023,4.80839296,13.08836929,4.7208885425,11.112344768,12.71892007,24.373638634,17.04910939,17.0
North Dakota,2019,2.60397437,9.09913795,4.4264107486,16.016845394,7.57358687,9.0738026104,25.8830243,19.77365304
North Dakota,2020,2.60844616,10.33170178,4.4195022288,16.150533563,8.57611943,9.4571091509,24.12910424,18.26962381
North Dakota,2021,2.37337773,11.71513141,4.4481286934,15.958909426,8.0536902,9.6595788775,23.74232456,19.6617899
North Dakota,2022,5.12155615,11.19866282,4.447280517,15.8517286,7.22071389,11.628679646,24.11584563,17.41866344
North Dakota,2023,3.676604540000001,11.50099133,4.5066592288,15.314075752,8.22127096,11.628679646,23.49951367,17.9
Ohio,2019,4.99742908,13.54394813,4.7508831491,11.195610818,6.67241217,36.547187938,19.06918166,22.506368400000003
Ohio,2020,4.57605118,14.73397823,4.737888089,11.162566649,7.094155000000001,38.384066276,20.20739274,21.13145981
Ohio,2021,4.11469753,15.50698275,4.6780954791,11.043298731,7.725585259999999,38.079580158,18.48308832,21.4123643
Ohio,2022,8.14701444,17.06422466,4.628654373,10.92214114,7.899635570000001,38.307174727,20.6864749,21.75248292
Ohio,2023,5.14231578,16.12823461,4.6238429927,10.76863621,8.07796667,38.307174727,18.97454757,20.200000000000003
Oklahoma,2019,4.291181470000001,14.718963469999998,4.6346190386,11.466624324,15.98517075,19.658733564,12.81521081,19.59327492
Oklahoma,2020,3.39349663,15.95846071,4.6563767048,11.628486765,16.51508079,19.529554726,14.14671699,20.14787789
Oklahoma,2021,3.2943081899999997,15.63123428,4.6466702375,11.51638098,16.63127314,18.054395459,14.90527495,19.89871068
Oklahoma,2022,6.14364659,16.11528219,4.5519413731,11.319264154,16.77978425,17.869117426,14.48202248,19.19234775
Oklahoma,2023,3.83742954,16.31344349,4.5063673733,11.176193226,18.072005129999997,17.869117426,13.76864417,19.6
Oregon,2019,4.12478387,13.68182325,4.5872548194,10.292014223,7.442742149999999,12.563983779,18.53224452,16.210885140000002
Oregon,2020,4.15130488,15.51256797,4.5549926782,10.171923367,8.22938654,12.738439363,18.59276151,16.08781403
Oregon,2021,3.74378646,14.75221844,4.5579826895,10.21305921,8.43756005,13.480754788,19.48762955,15.7442162
Oregon,2022,7.57585548,14.63759637,4.525026738,10.057526109,8.59455633,15.53364964,21.1501194,14.90443486
Oregon,2023,5.222551210000001,14.39683401,4.5210179581,9.9799434493,7.98382836,15.53364964,19.88072696,13.6
Pennsylvania,2019,4.9124246000000005,13.024010489999998,4.8158693515,12.320651065,6.75858643,34.587694444,20.52110826,17.95561317
Pennsylvania,2020,4.29280441,13.6148709,4.776893893,12.252512331,6.612149069999999,37.581233281,19.20689358,18.7494183
Pennsylvania,2021,4.3751294000000005,15.00854388,4.7870038941,12.202644479,6.7113266099999995,36.913062137,20.20207377,17.91559754
Pennsylvania,2022,9.07863442,14.57331993,4.7484338813,12.225444031,6.97068398,36.361455055,19.78748533,17.82384041
Pennsylvania,2023,6.3493081899999995,15.19959582,4.7801846463,12.050922246,7.715919540000001,36.361455055,20.69846252,16.7
Rhode Island,2019,4.46960109,14.05309115,5.3357086302,9.9107746307,5.09324972,30.1352651,17.42316951,14.430399990000002
Rhode Island,2020,4.07263672,14.95602367,5.3119949228,10.069467054,5.44253894,30.346192388,19.6438006,14.94989093
Rhode Island,2021,3.56148997,12.51095387,5.1737022021,10.101057868,4.79116237,29.719974247,19.67131,15.21133401
Rhode Island,2022,9.38487668,14.09185154,5.0005212988,10.034350896,4.97756528,32.169628783,21.67898746,13.84640207
Rhode Island,2023,5.61508704,13.86227491,4.9715676319,9.9231405936,4.57840707,32.169628783,18.26549549,14.099999999999998
South Carolina,2019,4.2702867499999995,14.020901660000002,4.7628850784,11.696957884,12.11417231,17.793744961,18.47273192,20.0130001
South Carolina,2020,3.42435092,14.191864979999998,4.7598096943,11.675097908,13.11660778,19.987239223,17.351867560000002,18.78839288
South Carolina,2021,2.8495348600000003,15.33832242,4.7771599078,11.573275019,12.70179475,21.366947168,17.83781033,18.65684254
South Carolina,2022,6.172494700000001,13.60765834,4.8005529226,11.484421158,13.2354685,25.830242301,21.68749333,18.40849429
South Carolina,2023,3.99916426,15.64983075,4.7788714992,11.220688228,12.80493208,25.830242301,18.98393769,19.1
South Dakota,2019,3.32899807,8.59405232,4.1522081365,16.430682624,10.36114962,7.9812183041,20.18982465,18.10811899
South Dakota,2020,3.01657156,9.94001785,4.1037567792,16.684566259,10.7643725,7.6030954914,18.97709024,19.27891245
South Dakota,2021,3.29394422,9.49229426,4.1110813295,16.310846883,11.2250261,8.1924932488,24.31276697,20.19454114
South Dakota,2022,4.64364273,11.11312035,4.073751989,16.130509044,12.04849628,8.4974832786,24.38099554,18.9920849
South Dakota,2023,3.09905259,9.72258908,4.0756176604,15.682461519,11.55653645,8.4974832786,20.98861651,19.0
Tennessee,2019,3.70642118,14.01355669,4.7408691406,11.283688312,10.63826248,24.35460424,14.44362912,22.08780772
Tennessee,2020,3.4905551100000003,14.04846379,4.7670801616,11.341599384,11.28714206,25.966882764,14.27063221,22.63907647
Tennessee,2021,3.3889331,16.35858404,4.7210091538,11.267339339,11.99300333,27.998783963,17.125754960000002,20.78075469
Tennessee,2022,7.46427419,16.29003384,4.6565062465,11.13751092,12.08406839,33.906052411,17.24408951,20.69903378
Tennessee,2023,4.28816193,16.70845698,4.6336095912,11.054426461,12.19665155,33.906052411,17.01885095,19.7
Texas,2019,4.267856839999999,10.57677968,4.8791895633,7.6288655946,18.56366524,10.053050406,19.40866264,14.26313587
Texas,2020,3.8552734,11.87767945,4.8377470198,7.6238502044,19.39113335,10.398374144,19.52038161,15.70960286
Texas,2021,3.5138217399999996,11.60684795,4.8229355323,7.5228613352,19.91812255,10.615992438,18.97290398,14.240501920000002
Texas,2022,7.6376157,12.05923815,4.813638574,7.5196887448,20.74835185,11.846059577,19.64313976,14.65468862
Texas,2023,5.6778191399999995,13.32249102,4.8059807508,7.391498292,19.87407035,11.846059577,18.59720555,13.3
Utah,2019,3.24438607,11.10723626,3.7927238381,3.4183081701,9.65785596,21.106203333,13.39648046,8.78225641
Utah,2020,3.1153773499999997,11.30553826,3.7842838485,3.4560210044,10.04553231,20.495686404,12.21675711,8.88010672
Utah,2021,2.60683936,11.90546253,3.7636573594,3.4987765354,10.41324157,19.484848075,11.09788185,9.11234764
Utah,2022,4.68305534,13.63921293,3.7101424743,3.493495548,10.66837564,18.893739819,11.90924484,7.90073637
Utah,2023,2.69664792,14.57032264,3.727398169,3.4955147561,9.72449334,18.893739819,11.83782352,8.3
Vermont,2019,3.01251298,12.31511475,4.4585095463,13.752933906,4.69423271,19.100535509,20.64737355,17.01971824
Vermont,2020,2.66513707,13.61158169,4.4282114877,13.404804243,5.51817235,21.978608199,19.47666228,15.813840940000002
Vermont,2021,2.38350568,12.64496751,4.4877308859,13.380190612,4.85567366,22.412610829,20.45403424,14.69127405
Vermont,2022,5.57868266,14.81366358,4.4797839677,13.141257298,5.6759154999999994,25.405161624,23.16219359,16.19109484
Vermont,2023,3.43495402,15.45400511,4.4474390748,13.138749364,4.92864875,25.405161624,22.12121826,14.4
Virginia,2019,3.75190528,11.02056264,4.7926455211,11.218753448,9.93977214,15.638345508,17.35946048,15.29677425
Virginia,2020,2.9686816,11.78015147,4.7988086023,11.380138418,10.15545027,17.165683452,17.3998391,16.37718314
Virginia,2021,2.79038533,12.47829992,4.7942281531,11.270668028,10.10131032,17.638837476,17.68070578,15.10509377
Virginia,2022,6.24415355,13.02538194,4.7632844209,11.177996323,9.20834667,20.414317444,17.30186032,14.15932868
Virginia,2023,3.90995005,12.62957259,4.8073692363,10.995786888,8.55787361,20.414317444,16.94174451,13.900000000000002
Washington,2019,4.759873290000001,11.61044096,4.4982712391,8.7074643249,6.88902976,15.390530246,18.17591265,13.94537086
Washington,2020,4.50284003,12.55346781,4.4293193717,8.6527442284,7.09140155,15.452554719,17.43002478,13.48905711
Washington,2021,4.25238327,12.2614988,4.4385013325,8.5341680566,7.4924295,15.9246491,17.11205566,12.12814269
Washington,2022,8.406096439999999,13.81485858,4.3761435296,8.4610512584,7.74725701,18.192884498,16.48278462,12.750775850000002
Washington,2023,5.2324828199999995,14.1205711,4.3952090834,8.3263881776,7.40817346,18.192884498,17.976865410000002,11.6
West Virginia,2019,5.20202046,17.20940305,4.8943568831,12.937564374,6.51683138,47.039866606,11.8329195,24.80541137
West Virginia,2020,5.25562615,18.22744223,4.9078075327,13.128787124,7.50986169,49.772676048,12.25324606,26.006909649999997
West Virginia,2021,4.90833418,19.53559265,4.981531176,13.03554262,7.79976029,49.872216299,14.41609966,26.926760709999996
West Virginia,2022,8.348565950000001,22.26076798,4.9609898257,13.146243026,8.10068382,56.773785076,15.17629912,26.136434790000003
West Virginia,2023,5.03251013,18.65309176,5.063282439,12.825059797,8.43129716,56.773785076,13.52766813,24.0
Wisconsin,2019,3.2891115399999995,11.94299758,4.2688586455,11.589095694,6.2817298699999995,18.039231784,26.22237368,17.056717839999997
Wisconsin,2020,3.00022245,12.22937808,4.2521638777,11.586609779,6.41678678,19.151404157,24.20335297,16.02475908
Wisconsin,2021,3.34717591,12.60272763,4.2423367392,11.455959576,6.51173404,19.831930556,27.11260448,17.24017469
Wisconsin,2022,6.28931782,13.45505746,4.2374333861,11.402447842,6.8429834199999995,21.816216324,25.20383947,16.19753928
Wisconsin,2023,3.777663140000001,13.19897756,4.1651854327,11.235020758,6.84251662,21.816216324,26.0777126,16.1
Wyoming,2019,4.2029010200000005,12.03884731,4.237716763,13.441480032,13.41715201,15.077761843,19.87127059,18.94626493
Wyoming,2020,4.05938337,11.65262054,4.2677077524,13.619533414,14.15192159,13.428572904,19.77250944,18.72294486
Wyoming,2021,3.60227195,12.662220330000002,4.2593087508,13.847131134,12.44075227,12.328531159,20.05160328,19.24198445
Wyoming,2022,5.84223932,13.02095119,4.2620315124,13.753565819,14.731303700000002,14.032472522,20.47672947,18.4382754
Wyoming,2023,4.48815292,12.64767103,4.2813260653,13.6692723,14.12362792,14.032472522,19.33019534,19.4
