state,year,subprime_pct,nearprime_pct,unscored_pct,credit_constrained_pct
Alabama,2014,23.325,13.95,14.525,51.8
Alabama,2015,23.075000000000003,13.4,14.95,51.375
Alabama,2016,22.75,12.8,15.75,51.275
Alabama,2017,22.55,12.375,16.275,51.2
Alabama,2018,22.1,12.275,15.950000000000001,50.375
Alabama,2019,22.05,11.9,17.65,51.6
Alabama,2020,20.65,12.025,18.775,51.375
Alabama,2021,18.375,12.3,18.975,49.65
Alabama,2022,18.25,11.85,18.375,48.5
Alabama,2023,18.15,11.625,17.7,47.475
Alaska,2014,12.925,12.2,13.6,38.7
Alaska,2015,12.825,11.65,13.674999999999999,38.175
Alaska,2016,12.775,10.95,13.7,37.425
Alaska,2017,12.875,10.45,13.85,37.175
Alaska,2018,12.575,10.275,13.375,36.25
Alaska,2019,12.15,10.225,14.45,36.775
Alaska,2020,10.725000000000001,9.875,15.45,36.1
Alaska,2021,8.85,9.65,15.175,33.675
Alaska,2022,8.299999999999999,9.05,13.925,31.325
Alaska,2023,8.625,8.95,14.175,31.8
Arizona,2014,16.85,14.65,13.025,44.55
Arizona,2015,16.349999999999998,13.6,13.525,43.5
Arizona,2016,16.125,12.475,13.875,42.475
Arizona,2017,15.55,11.6,14.7,41.85
Arizona,2018,15.35,11.05,14.075,40.45
Arizona,2019,15.425,10.75,15.3,41.5
Arizona,2020,13.825,10.825,15.975000000000001,40.650000000000006
Arizona,2021,11.525,10.825000000000001,15.8,38.15
Arizona,2022,11.625,10.350000000000001,15.55,37.575
Arizona,2023,12.275,10.025,15.375,37.675
Arkansas,2014,20.6,13.5,14.9,49.0
Arkansas,2015,20.675,12.9,15.175,48.8
Arkansas,2016,20.75,12.35,15.4,48.5
Arkansas,2017,21.175,11.975,15.25,48.4
Arkansas,2018,20.85,11.875,15.0,47.8
Arkansas,2019,20.5,11.675,17.05,49.225
Arkansas,2020,18.9,11.725,18.4,49.025
Arkansas,2021,16.325,12.075,18.775,47.15
Arkansas,2022,16.424999999999997,11.55,18.45,46.425
Arkansas,2023,16.325,11.375,17.775,45.45
California,2014,13.4,13.975000000000001,11.625,38.975
California,2015,12.875,12.85,11.875,37.575
California,2016,12.5,11.6,12.0,36.125
California,2017,12.55,10.8,12.524999999999999,35.875
California,2018,12.225,10.350000000000001,12.075,34.65
California,2019,12.3,9.975,13.2,35.45
California,2020,11.25,9.6,14.0,34.849999999999994
California,2021,9.1,9.5,14.225,32.825
California,2022,9.375,9.2,14.649999999999999,33.2
California,2023,10.05,8.9,14.525,33.5
Colorado,2014,12.425,11.85,12.125,36.4
Colorado,2015,12.1,11.1,12.149999999999999,35.35
Colorado,2016,11.95,10.2,12.2,34.325
Colorado,2017,11.875,9.55,12.375,33.825
Colorado,2018,11.525,9.175,11.725,32.425
Colorado,2019,11.4,8.875,12.75,33.05
Colorado,2020,10.275,8.75,13.45,32.45
Colorado,2021,8.7,8.625,13.549999999999999,30.875
Colorado,2022,8.8,8.350000000000001,13.350000000000001,30.474999999999998
Colorado,2023,9.075,8.149999999999999,12.925,30.125
Connecticut,2014,13.0,11.125,11.775,35.900000000000006
Connecticut,2015,12.8,10.725,12.125,35.650000000000006
Connecticut,2016,12.9,10.25,12.225,35.325
Connecticut,2017,13.149999999999999,9.875,12.425,35.45
Connecticut,2018,12.55,9.375,13.1,34.975
Connecticut,2019,12.65,9.275,14.425,36.3
Connecticut,2020,11.425,9.25,15.375,36.025
Connecticut,2021,9.525,9.3,15.7,34.525
Connecticut,2022,9.775,8.825,16.325,34.95
Connecticut,2023,10.35,8.425,15.725,34.525
Delaware,2014,17.675,12.2,14.25,44.15
Delaware,2015,17.275,11.825,14.35,43.5
Delaware,2016,16.725,11.5,14.675,42.9
Delaware,2017,16.275,11.0,14.475,41.725
Delaware,2018,16.075000000000003,10.45,14.0,40.55
Delaware,2019,16.375,10.35,15.425,42.15
Delaware,2020,14.675,10.575,16.299999999999997,41.525
Delaware,2021,12.6,10.625,16.35,39.6
Delaware,2022,12.925,10.025,16.2,39.15
Delaware,2023,13.425,9.725,15.625,38.724999999999994
Florida,2014,18.5,15.25,15.225,48.975
Florida,2015,17.725,14.475,15.525,47.75
Florida,2016,17.375,13.375,15.825,46.55
Florida,2017,17.25,12.5,15.950000000000001,45.75
Florida,2018,16.85,12.05,15.350000000000001,44.275
Florida,2019,17.125,11.475,16.65,45.25
Florida,2020,15.75,11.375,17.3,44.425
Florida,2021,13.4,11.55,17.025,42.0
Florida,2022,13.375,11.25,16.525,41.15
Florida,2023,13.85,10.925,15.95,40.725
Georgia,2014,25.0,14.575,13.575,53.125
Georgia,2015,24.35,14.125,13.8,52.275000000000006
Georgia,2016,23.9,13.4,14.275,51.575
Georgia,2017,23.35,12.9,14.875,51.125
Georgia,2018,22.3,12.825000000000001,14.375,49.45
Georgia,2019,22.25,12.475,15.175,49.9
Georgia,2020,20.6,12.525,16.05,49.15
Georgia,2021,18.175,12.875,16.075,47.125
Georgia,2022,18.275,12.3,15.95,46.575
Georgia,2023,18.375,11.85,15.375,45.625
Hawaii,2014,10.6,12.05,10.25,32.875
Hawaii,2015,10.3,11.225,10.425,31.950000000000003
Hawaii,2016,9.95,10.375,10.7,31.075
Hawaii,2017,10.0,9.6,11.225,30.875
Hawaii,2018,10.025,9.225,11.175,30.425
Hawaii,2019,10.35,8.825,12.5,31.675
Hawaii,2020,9.525,8.625,13.575,31.7
Hawaii,2021,7.725,8.45,13.775,29.95
Hawaii,2022,7.6,8.25,14.675,30.575
Hawaii,2023,8.025,8.149999999999999,14.425,30.575
Idaho,2014,14.75,12.775,10.825000000000001,38.35
Idaho,2015,14.125,12.05,11.149999999999999,37.35
Idaho,2016,13.65,11.4,11.525,36.575
Idaho,2017,13.225,10.8,12.1,36.15
Idaho,2018,12.7,10.2,11.825,34.725
Idaho,2019,12.475,9.825,13.125,35.4
Idaho,2020,11.175,9.4,14.225,34.8
Idaho,2021,9.35,9.125,13.9,32.375
Idaho,2022,9.075,8.5,13.575,31.15
Idaho,2023,9.075,8.2,13.25,30.55
Illinois,2014,15.65,12.425,11.95,40.025
Illinois,2015,15.325,11.875,12.375,39.55
Illinois,2016,14.6,11.1,13.2,38.925
Illinois,2017,14.05,10.475,14.075,38.625
Illinois,2018,13.825,10.125,13.575,37.599999999999994
Illinois,2019,13.85,9.85,14.55,38.25
Illinois,2020,12.65,9.8,15.5,37.900000000000006
Illinois,2021,10.775,9.85,15.875,36.525
Illinois,2022,11.075,9.45,15.8,36.375
Illinois,2023,11.375,9.175,15.225,35.75
Indiana,2014,16.6,12.925,14.125,43.65
Indiana,2015,16.549999999999997,12.225,14.45,43.225
Indiana,2016,16.35,11.55,15.075,43.050000000000004
Indiana,2017,16.35,11.125,15.425,42.85
Indiana,2018,15.975000000000001,10.9,15.1,41.975
Indiana,2019,15.675,10.6,16.475,42.75
Indiana,2020,14.15,10.600000000000001,17.4,42.125
Indiana,2021,12.225,10.6,17.275,40.1
Indiana,2022,12.375,10.175,16.9,39.45
Indiana,2023,12.725,9.975,16.1,38.825
Iowa,2014,13.0,10.925,11.125,35.05
Iowa,2015,12.85,10.325,11.45,34.65
Iowa,2016,12.675,9.95,11.875,34.475
Iowa,2017,12.6,9.55,12.225,34.45
Iowa,2018,12.225,9.35,12.35,33.975
Iowa,2019,12.025,9.1,14.125,35.225
Iowa,2020,10.725000000000001,9.025,15.225,35.0
Iowa,2021,8.925,8.95,15.774999999999999,33.675
Iowa,2022,8.975,8.45,15.6,33.05
Iowa,2023,9.1,8.15,15.350000000000001,32.574999999999996
Kansas,2014,13.85,11.7,12.725,38.35
Kansas,2015,13.6,11.350000000000001,13.225,38.175
Kansas,2016,13.35,10.775,14.05,38.125
Kansas,2017,13.275,10.25,14.5,37.975
Kansas,2018,12.9,10.05,14.35,37.225
Kansas,2019,12.775,9.825,16.175,38.775
Kansas,2020,11.575,9.7,17.275,38.525
Kansas,2021,9.975000000000001,9.625,17.45,37.075
Kansas,2022,10.0,9.25,17.65,36.9
Kansas,2023,10.025,9.075,16.925,36.0
Kentucky,2014,18.95,13.75,14.425,47.125
Kentucky,2015,18.775,13.225,14.925,46.95
Kentucky,2016,18.725,12.6,15.65,46.95
Kentucky,2017,18.5,12.15,16.45,47.075
Kentucky,2018,18.25,11.925,15.825,45.975
Kentucky,2019,18.2,11.6,17.4,47.2
Kentucky,2020,16.75,11.575,18.575,46.9
Kentucky,2021,14.625,11.8,18.825000000000003,45.275
Kentucky,2022,14.625,11.35,18.75,44.7
Kentucky,2023,14.35,11.15,17.775,43.275
Louisiana,2014,25.125,13.95,13.8,52.875
Louisiana,2015,24.95,13.55,14.45,52.95
Louisiana,2016,24.475,13.175,15.125,52.8
Louisiana,2017,24.125,12.85,15.775,52.75
Louisiana,2018,23.75,12.575,15.325000000000001,51.65
Louisiana,2019,23.625,12.325000000000001,16.65,52.6
Louisiana,2020,21.8,12.525,17.9,52.25
Louisiana,2021,18.825,13.0,18.25,50.125
Louisiana,2022,18.6,12.625,18.125,49.325
Louisiana,2023,18.775,12.25,17.525,48.55
Maine,2014,13.25,11.775,11.0,36.05
Maine,2015,12.7,11.225,11.7,35.675
Maine,2016,12.075,10.725,12.5,35.25
Maine,2017,11.825000000000001,10.100000000000001,13.6,35.475
Maine,2018,11.5,9.85,13.75,35.15
Maine,2019,11.275,9.6,15.025,35.925
Maine,2020,10.024999999999999,9.375,15.95,35.325
Maine,2021,8.25,9.025,16.075,33.375
Maine,2022,8.175,8.475,16.1,32.75
Maine,2023,8.275,7.85,15.65,31.75
Maryland,2014,16.975,12.525,13.325,42.825
Maryland,2015,16.55,12.075,13.425,42.075
Maryland,2016,16.175,11.45,13.7,41.325
Maryland,2017,16.1,10.975,14.025,41.075
Maryland,2018,15.850000000000001,10.65,13.674999999999999,40.2
Maryland,2019,15.875,10.375,14.5,40.725
Maryland,2020,14.3,10.425,15.025,39.775
Maryland,2021,12.125,10.6,15.175,37.9
Maryland,2022,12.3,10.175,14.975,37.425
Maryland,2023,12.775,9.85,14.375,37.025
Massachusetts,2014,11.75,11.2,10.850000000000001,33.8
Massachusetts,2015,11.35,10.55,11.0,32.925
Massachusetts,2016,11.05,9.95,11.225,32.2
Massachusetts,2017,11.05,9.45,11.35,31.85
Massachusetts,2018,10.875,9.100000000000001,11.225,31.25
Massachusetts,2019,10.9,8.85,12.225,31.975
Massachusetts,2020,9.7,8.65,12.85,31.200000000000003
Massachusetts,2021,7.875,8.5,13.075,29.475
Massachusetts,2022,7.975,8.15,13.6,29.674999999999997
Massachusetts,2023,8.475000000000001,7.925,13.350000000000001,29.7
Michigan,2014,16.775,13.025,11.5,41.3
Michigan,2015,16.1,12.275,12.075,40.425
Michigan,2016,14.95,10.875,14.225,40.05
Michigan,2017,14.525,10.2,15.3,40.05
Michigan,2018,14.175,9.85,15.1,39.099999999999994
Michigan,2019,14.125,9.525,16.4,40.05
Michigan,2020,12.475,9.45,16.95,38.875
Michigan,2021,10.475000000000001,9.525,16.75,36.725
Michigan,2022,10.875,9.025,16.575000000000003,36.475
Michigan,2023,11.425,8.625,16.125,36.2
Minnesota,2014,11.2,10.575,8.95,30.725
Minnesota,2015,10.875,9.9,9.45,30.225
Minnesota,2016,10.525,9.3,9.75,29.575
Minnesota,2017,10.375,8.8,10.375,29.575
Minnesota,2018,9.9,8.45,10.350000000000001,28.725
Minnesota,2019,9.8,8.125,11.925,29.875
Minnesota,2020,8.625,8.0,12.95,29.65
Minnesota,2021,7.2,7.75,13.3,28.2
Minnesota,2022,7.3,7.4,13.350000000000001,28.075
Minnesota,2023,7.525,7.199999999999999,13.4,28.075
Mississippi,2014,26.924999999999997,14.825,16.2,57.95
Mississippi,2015,26.85,14.375,16.0,57.25
Mississippi,2016,26.575,13.925,15.825,56.375
Mississippi,2017,26.75,13.425,16.075,56.25
Mississippi,2018,26.625,13.3,15.625,55.525
Mississippi,2019,26.45,13.2,17.2,56.85
Mississippi,2020,24.5,13.575,18.825,56.875
Mississippi,2021,21.4,14.125,19.475,54.975
Mississippi,2022,21.25,13.525,19.275,54.125
Mississippi,2023,21.375,13.25,18.2,52.825
Missouri,2014,17.675,12.525,13.5,43.65
Missouri,2015,17.325,12.0,13.9,43.2
Missouri,2016,16.875,11.45,14.399999999999999,42.725
Missouri,2017,16.7,11.05,14.875,42.6
Missouri,2018,16.3,10.8,14.425,41.55
Missouri,2019,16.3,10.5,16.150000000000002,42.95
Missouri,2020,15.05,10.45,17.375,42.9
Missouri,2021,13.25,10.425,17.55,41.2
Missouri,2022,13.25,9.975,17.5,40.725
Missouri,2023,13.075,9.675,16.95,39.775
Montana,2014,12.225,11.55,12.3,36.1
Montana,2015,11.925,11.0,12.975,35.875
Montana,2016,11.6,10.125,13.975,35.7
Montana,2017,11.475,9.45,14.475,35.375
Montana,2018,11.05,9.325,14.475,34.85
Montana,2019,11.025,8.9,15.95,35.9
Montana,2020,10.075,8.649999999999999,16.875,35.575
Montana,2021,8.45,8.55,16.75,33.775
Montana,2022,8.350000000000001,8.1,16.375,32.8
Montana,2023,8.125,7.8,15.875,31.8
Nebraska,2014,11.8,11.2,10.75,33.725
Nebraska,2015,11.75,10.475000000000001,11.025,33.225
Nebraska,2016,11.45,9.95,11.425,32.775
Nebraska,2017,11.55,9.375,11.825,32.8
Nebraska,2018,11.35,9.25,11.775,32.375
Nebraska,2019,11.275,9.075,13.525,33.9
Nebraska,2020,10.225000000000001,9.05,14.45,33.7
Nebraska,2021,8.525,8.85,14.75,32.15
Nebraska,2022,8.5,8.45,14.6,31.6
Nebraska,2023,8.75,8.375,14.575,31.725
Nevada,2014,17.825,16.375,16.8,51.0
Nevada,2015,17.15,15.125,16.625,48.9
Nevada,2016,16.925,13.6,16.575,47.125
Nevada,2017,17.075,12.65,17.075,46.849999999999994
Nevada,2018,16.924999999999997,12.025,16.200000000000003,45.125
Nevada,2019,17.225,11.674999999999999,17.175,46.025
Nevada,2020,15.8,11.675,17.825,45.275
Nevada,2021,13.75,11.675,17.525,42.95
Nevada,2022,14.075,11.475,17.025,42.575
Nevada,2023,14.8,11.25,16.225,42.3
New Hampshire,2014,12.1,11.5,9.350000000000001,32.95
New Hampshire,2015,11.8,10.875,9.725,32.4
New Hampshire,2016,11.35,10.075,10.175,31.575
New Hampshire,2017,11.3,9.525,10.65,31.525
New Hampshire,2018,11.025,9.1,10.875,31.025
New Hampshire,2019,11.1,8.775,11.95,31.799999999999997
New Hampshire,2020,9.975,8.475,12.725,31.175
New Hampshire,2021,8.35,8.3,12.775,29.4
New Hampshire,2022,7.925,7.875,12.625,28.475
New Hampshire,2023,8.175,7.525,12.55,28.25
New Jersey,2014,13.65,11.725,12.0,37.375
New Jersey,2015,13.425,11.325,12.4,37.15
New Jersey,2016,12.975,10.775,12.85,36.6
New Jersey,2017,12.875,10.25,13.45,36.55
New Jersey,2018,12.55,9.899999999999999,13.3,35.775
New Jersey,2019,12.575,9.725,14.25,36.55
New Jersey,2020,11.15,9.65,14.825,35.625
New Jersey,2021,9.2,9.575,14.725,33.5
New Jersey,2022,9.525,9.2,14.95,33.65
New Jersey,2023,10.225,8.8,14.25,33.3
New Mexico,2014,20.55,13.925,13.525,48.0
New Mexico,2015,20.275,13.4,14.125,47.824999999999996
New Mexico,2016,20.025,12.8,14.45,47.25
New Mexico,2017,19.575,12.350000000000001,15.024999999999999,46.925
New Mexico,2018,18.975,12.25,14.45,45.725
New Mexico,2019,18.825,11.875,15.375,46.125
New Mexico,2020,17.275,11.7,16.675,45.65
New Mexico,2021,14.9,11.649999999999999,16.875,43.45
New Mexico,2022,14.7,11.2,16.75,42.675
New Mexico,2023,14.625,10.825000000000001,16.475,41.9
New York,2014,13.825,11.75,11.5,37.05
New York,2015,13.675,11.275,11.575,36.55
New York,2016,13.025,10.7,12.2,35.95
New York,2017,13.025,10.25,12.475,35.725
New York,2018,12.875,9.925,12.149999999999999,34.9
New York,2019,12.825,9.75,13.175,35.75
New York,2020,11.45,9.65,13.875,34.975
New York,2021,9.45,9.6,14.375,33.425
New York,2022,9.9,9.15,14.850000000000001,33.9
New York,2023,10.55,8.925,14.55,34.0
North Carolina,2014,20.6,13.325,13.625,47.55
North Carolina,2015,20.35,13.0,14.025,47.375
North Carolina,2016,19.924999999999997,12.45,14.4,46.75
North Carolina,2017,19.575,11.95,14.774999999999999,46.3
North Carolina,2018,19.1,11.625,14.55,45.3
North Carolina,2019,18.95,11.325,15.8,46.1
North Carolina,2020,17.325,11.275,16.65,45.25
North Carolina,2021,15.274999999999999,11.375,16.825,43.474999999999994
North Carolina,2022,15.25,10.85,16.75,42.825
North Carolina,2023,15.125,10.425,15.85,41.425
North Dakota,2014,10.6,10.6,9.625,30.85
North Dakota,2015,10.725,10.25,10.025,30.95
North Dakota,2016,10.9,9.45,10.5,30.85
North Dakota,2017,11.0,9.025,11.075,31.1
North Dakota,2018,10.875,8.75,11.325,30.95
North Dakota,2019,10.925,8.75,13.05,32.725
North Dakota,2020,10.0,8.6,14.175,32.8
North Dakota,2021,8.7,8.7,14.25,31.625
North Dakota,2022,8.725,8.375,14.4,31.5
North Dakota,2023,8.625,8.174999999999999,14.225,30.975
Ohio,2014,16.575,12.425,13.8,42.825
Ohio,2015,16.575000000000003,11.75,14.275,42.575
Ohio,2016,16.425,11.1,14.725,42.25
Ohio,2017,16.4,10.675,15.149999999999999,42.225
Ohio,2018,15.95,10.425,14.925,41.275
Ohio,2019,15.7,10.2,16.575000000000003,42.5
Ohio,2020,14.325,10.175,17.8,42.3
Ohio,2021,12.325,10.35,17.85,40.55
Ohio,2022,12.475,9.875,17.65,40.0
Ohio,2023,12.725,9.425,17.1,39.225
Oklahoma,2014,21.075,13.6,14.674999999999999,49.35
Oklahoma,2015,20.95,13.15,15.025,49.175000000000004
Oklahoma,2016,20.875,12.4,15.75,49.025
Oklahoma,2017,20.375,12.15,16.2,48.725
Oklahoma,2018,20.025,12.0,15.925,47.975
Oklahoma,2019,19.85,11.8,17.424999999999997,49.075
Oklahoma,2020,18.575,11.775,18.725,49.074999999999996
Oklahoma,2021,16.675,11.875,18.9,47.45
Oklahoma,2022,16.45,11.55,18.6,46.6
Oklahoma,2023,16.25,11.425,17.95,45.6
Oregon,2014,12.975000000000001,12.3,12.125,37.4
Oregon,2015,12.45,11.625,12.425,36.55
Oregon,2016,12.1,10.774999999999999,13.05,35.875
Oregon,2017,11.875,10.125,13.675,35.675
Oregon,2018,11.350000000000001,9.525,13.4,34.25
Oregon,2019,11.174999999999999,9.125,14.875,35.15
Oregon,2020,9.9,8.725,15.7,34.35
Oregon,2021,8.05,8.6,15.625,32.275
Oregon,2022,8.0,8.175,15.825,31.95
Oregon,2023,8.35,7.925,15.775,32.05
Pennsylvania,2014,14.425,10.825,12.350000000000001,37.599999999999994
Pennsylvania,2015,14.3,10.35,12.825,37.5
Pennsylvania,2016,14.175,9.8,13.399999999999999,37.375
Pennsylvania,2017,14.175,9.425,13.975,37.525
Pennsylvania,2018,13.95,9.225,13.875,37.025
Pennsylvania,2019,13.85,9.1,15.4,38.35
Pennsylvania,2020,12.425,9.225,16.425,38.05
Pennsylvania,2021,10.425,9.325,16.675,36.4
Pennsylvania,2022,10.8,8.75,16.75,36.375
Pennsylvania,2023,11.375,8.475,16.275,36.175
Rhode Island,2014,14.275,12.600000000000001,12.425,39.3
Rhode Island,2015,13.725,12.0,12.9,38.6
Rhode Island,2016,13.375,11.175,13.425,38.0
Rhode Island,2017,13.375,10.65,13.775,37.825
Rhode Island,2018,13.2,10.2,13.575,37.0
Rhode Island,2019,13.325,9.925,14.774999999999999,38.0
Rhode Island,2020,11.975,9.85,15.6,37.45
Rhode Island,2021,9.825,9.875,15.625,35.3
Rhode Island,2022,10.1,9.3,15.925,35.375
Rhode Island,2023,10.925,8.9,15.4,35.2
South Carolina,2014,25.15,13.525,13.45,52.225
South Carolina,2015,24.65,13.275,13.775,51.7
South Carolina,2016,23.85,12.7,14.075000000000001,50.6
South Carolina,2017,23.225,12.35,14.625,50.2
South Carolina,2018,22.8,12.0,14.225,48.975
South Carolina,2019,22.575,11.65,15.274999999999999,49.5
South Carolina,2020,21.075,11.5,16.375,48.95
South Carolina,2021,18.775,11.725,16.35,46.825
South Carolina,2022,18.45,11.4,15.75,45.6
South Carolina,2023,17.875,11.075,15.175,44.125
South Dakota,2014,11.25,10.775,10.05,32.05
South Dakota,2015,11.025,10.25,10.55,31.85
South Dakota,2016,10.9,9.625,11.2,31.725
South Dakota,2017,10.85,9.175,11.725,31.75
South Dakota,2018,10.425,8.85,11.675,30.925
South Dakota,2019,10.45,8.65,13.2,32.275
South Dakota,2020,9.575,8.65,14.375,32.575
South Dakota,2021,8.125,8.4,14.675,31.2
South Dakota,2022,8.0,8.1,14.4,30.5
South Dakota,2023,8.35,7.775,14.45,30.55
Tennessee,2014,21.275,13.8,13.35,48.425
Tennessee,2015,20.825,13.275,13.825,47.925
Tennessee,2016,20.325,12.625,14.425,47.4
Tennessee,2017,19.75,12.25,15.0,46.975
Tennessee,2018,19.075,11.975,14.350000000000001,45.375
Tennessee,2019,18.95,11.475,15.8,46.25
Tennessee,2020,17.65,11.225,17.075,45.95
Tennessee,2021,15.525,11.375,17.25,44.175000000000004
Tennessee,2022,15.225,10.875,17.15,43.3
Tennessee,2023,15.025,10.675,16.6,42.3
Texas,2014,22.05,14.850000000000001,13.5,50.425
Texas,2015,21.75,14.375,13.75,49.875
Texas,2016,21.45,13.65,14.0,49.125
Texas,2017,21.425,13.025,14.35,48.85
Texas,2018,21.0,12.774999999999999,13.7,47.525
Texas,2019,20.925,12.45,14.95,48.275
Texas,2020,19.3,12.399999999999999,16.025,47.725
Texas,2021,17.0,12.625,16.1,45.7
Texas,2022,16.975,12.3,15.525,44.775
Texas,2023,17.275,11.9,14.774999999999999,43.95
Utah,2014,12.575,12.025,10.025,34.6
Utah,2015,12.075,11.35,10.275,33.675
Utah,2016,11.7,10.55,10.525,32.775000000000006
Utah,2017,11.25,10.025,11.0,32.25
Utah,2018,10.649999999999999,9.525,10.7,30.85
Utah,2019,10.575,9.0,11.8,31.375
Utah,2020,9.575,8.675,12.65,30.95
Utah,2021,8.1,8.425,12.65,29.15
Utah,2022,7.775,7.875,12.25,27.95
Utah,2023,8.075,7.7,11.875,27.65
Vermont,2014,11.15,10.35,9.1,30.6
Vermont,2015,10.825,9.899999999999999,9.45,30.15
Vermont,2016,10.25,9.4,10.0,29.65
Vermont,2017,10.475,8.8,10.6,29.925
Vermont,2018,10.25,8.575,10.5,29.3
Vermont,2019,10.25,8.3,12.375,30.9
Vermont,2020,9.024999999999999,8.125,13.45,30.6
Vermont,2021,7.3,8.0,13.55,28.875
Vermont,2022,7.25,7.425,13.55,28.2
Vermont,2023,7.275,7.175,13.55,28.0
Virginia,2014,16.05,12.1,12.725,40.900000000000006
Virginia,2015,15.649999999999999,11.65,13.05,40.3
Virginia,2016,15.3,11.075,13.3,39.675
Virginia,2017,15.25,10.575,13.525,39.35
Virginia,2018,14.875,10.325,13.5,38.65
Virginia,2019,14.675,10.1,14.799999999999999,39.575
Virginia,2020,13.275,10.05,15.625,38.925
Virginia,2021,11.4,10.025,15.675,37.1
Virginia,2022,11.375,9.575,15.5,36.45
Virginia,2023,11.575,9.2,14.725,35.5
Washington,2014,12.3,11.675,12.325,36.325
Washington,2015,11.675,11.075,12.6,35.35
Washington,2016,11.225,10.375,12.65,34.25
Washington,2017,10.925,9.675,12.9,33.475
Washington,2018,10.425,9.15,12.45,31.975
Washington,2019,10.325000000000001,8.75,13.825,32.9
Washington,2020,9.175,8.325,14.575,32.1
Washington,2021,7.55,8.05,14.549999999999999,30.2
Washington,2022,7.7,7.7,14.825,30.225
Washington,2023,8.0,7.375,14.675,30.075
West Virginia,2014,18.5,13.3,16.075,47.875
West Virginia,2015,18.599999999999998,12.675,16.125,47.400000000000006
West Virginia,2016,19.1,12.05,16.599999999999998,47.75
West Virginia,2017,19.375,11.525,17.2,48.1
West Virginia,2018,18.75,11.475,17.65,47.9
West Virginia,2019,18.175,11.5,19.875,49.575
West Virginia,2020,16.45,11.775,21.475,49.675
West Virginia,2021,14.425,11.825000000000001,22.15,48.425
West Virginia,2022,14.275,11.225,22.275,47.8
West Virginia,2023,14.2,10.6,20.95,45.75
Wisconsin,2014,11.5,10.4,11.75,33.675
Wisconsin,2015,11.375,9.85,11.975,33.175
Wisconsin,2016,11.3,9.225,12.15,32.65
Wisconsin,2017,11.05,8.725,12.45,32.2
Wisconsin,2018,10.9,8.5,12.1,31.5
Wisconsin,2019,10.9,8.225,13.625,32.75
Wisconsin,2020,9.75,7.975,14.35,32.1
Wisconsin,2021,8.375,7.925,14.75,31.05
Wisconsin,2022,8.375,7.625,14.55,30.5
Wisconsin,2023,8.325,7.375,14.25,29.975
Wyoming,2014,12.45,11.725,11.825,36.0
Wyoming,2015,12.4,11.05,12.4,35.9
Wyoming,2016,12.4,10.4,13.15,35.925
Wyoming,2017,12.225,9.875,13.725,35.85
Wyoming,2018,11.65,9.525,13.675,34.875
Wyoming,2019,11.5,9.350000000000001,15.649999999999999,36.525
Wyoming,2020,10.375,9.275,17.0,36.675
Wyoming,2021,9.1,9.15,17.325000000000003,35.575
Wyoming,2022,9.25,8.625,17.125,35.075
Wyoming,2023,9.35,8.425,16.65,34.45
