state,year,pct_male,pct_age_15_34,pct_age_65_plus,pct_black,pct_hispanic,pct_white_nh
Alabama,2014,48.475216552839264,26.79716095238036,15.31858562923627,26.670812226179912,4.0126043176993305,66.28340886385863
Alabama,2015,48.46347009343119,26.699744562240735,15.701996558871697,26.755236000307324,4.0809276916076715,66.05145461103159
Alabama,2016,48.43427664530297,26.58896232943702,16.109170991184392,26.783093039731863,4.184782519359649,65.83519354716752
Alabama,2017,48.390904530535025,26.429292890984378,16.508155307443293,26.811274072163755,4.278894437851336,65.63639237398854
Alabama,2018,48.35700915932283,26.29423169546008,16.906028013577483,26.82323758061733,4.401009234553404,65.44365188849193
Alabama,2019,48.32617999517112,26.17783541651173,17.349756976669557,26.810623140140567,4.498585462610267,65.29561641128248
Alabama,2020,48.61500628792829,26.15754320863998,17.210818893356418,26.806567109126956,5.267690064755327,64.56541750730942
Alabama,2021,48.568860164977686,26.288457502207756,17.484921926666903,26.755075855678186,5.3901884610662965,64.42099406381303
Alabama,2022,48.55552027699386,26.325256907749324,17.853869102345868,26.702323635276432,5.531461677529113,64.25704235969825
Alabama,2023,48.532221401797955,26.356179582606764,18.250324754897164,26.62784615661682,5.685540165857944,64.10469831659903
Alaska,2014,52.36834786147949,30.56730997523997,9.497540955805041,3.6404707797713938,6.662008615134145,61.98500830987349
Alaska,2015,52.370028303292116,30.47424942106903,10.02870955947077,3.6396137751716484,6.822583047817667,61.58132795254797
Alaska,2016,52.33572366427634,30.34238965761034,10.544254789078543,3.687169646163687,6.98043968622698,61.08500824832509
Alaska,2017,52.226029477059534,29.96546479473888,11.16665294615396,3.720598178365765,7.153335501624193,60.46940348159134
Alaska,2018,52.170985468841636,29.55021829318621,11.821906427159583,3.734198179804079,7.245080258042094,60.125790091009804
Alaska,2019,52.18258376805983,29.277143086928486,12.479910796438947,3.694232439071269,7.30940304224492,59.84599299621185
Alaska,2020,52.55196708160291,28.744522241201476,12.803357327235718,3.6704394758814893,6.891470795291446,59.83063288237894
Alaska,2021,52.55843129144142,28.645722068842588,13.347384692001746,3.6658262158076425,7.094756865685249,59.5141259696594
Alaska,2022,52.52742487139904,28.464179926794277,13.866402282360257,3.6709233630992966,7.29179735870259,59.258723863865725
Alaska,2023,52.541839035950076,28.36996152199464,14.359168046075435,3.669318222103446,7.458215504100048,59.01615203584372
Arizona,2014,49.716012763050784,27.56949373618068,15.750883760914547,4.717139325218224,30.57082763925593,56.11711374921226
Arizona,2015,49.72247142829963,27.484724439871737,16.225886567898126,4.8200520722806575,30.84676728900701,55.66225315792478
Arizona,2016,49.71111341820395,27.4335193678924,16.666721864102858,4.933714838813167,31.061531653977738,55.22369576977888
Arizona,2017,49.698187650324456,27.291046876826737,17.12902846843002,5.031222652157577,31.317997164621097,54.817533492771375
Arizona,2018,49.69368646558987,27.247318203719928,17.574161514680995,5.134216833970108,31.530319805567323,54.47256843305378
Arizona,2019,49.68294023883948,27.239286419084998,18.044656200085495,5.23329972957454,31.7225288586164,54.120487783404
Arizona,2020,49.9601554708897,26.953338556883615,18.24985184402874,5.398916301164251,30.704832813691656,54.744532352407916
Arizona,2021,49.92916453477332,26.968573474246156,18.58896413290254,5.487228784320962,30.952465092065477,54.388175599351364
Arizona,2022,49.89220281510855,27.223079350132316,18.887112181299116,5.597565684327484,31.258156065343012,53.884296421079156
Arizona,2023,49.89311489281077,27.301158444555924,19.303627984386136,5.686696780555442,31.579832665531292,53.372404776309644
Arkansas,2014,49.10974585677045,26.813291344969397,15.686487182017805,15.634714707391204,6.995448266430519,73.42829108054914
Arkansas,2015,49.129116309788934,26.726732471242382,15.992377838006908,15.67681254555779,7.141447620121541,73.12543544184511
Arkansas,2016,49.132917643637725,26.643158082969702,16.29632848287745,15.707020654686202,7.299381813380841,72.80169395500724
Arkansas,2017,49.133763114398,26.538930807246018,16.60249912196161,15.707915328802487,7.492971531581917,72.49204771868149
Arkansas,2018,49.103948958903594,26.437829850396444,16.95128514046892,15.71566061707857,7.656695641434837,72.23166357973561
Arkansas,2019,49.08693687654854,26.343063603427357,17.344674005332696,15.726857299854185,7.829863438580463,71.96037054139627
Arkansas,2020,49.388988928949146,26.26239571542503,17.158669138400743,15.77561714838499,8.558368177795,71.08708085463257
Arkansas,2021,49.37659384706927,26.406176375120815,17.38114271921248,15.70655283919823,8.763281990118355,70.83194235453664
Arkansas,2022,49.353073328422624,26.483355457779073,17.655504654011747,15.636927997731096,9.00136685744898,70.55265815039634
Arkansas,2023,49.3471072440487,26.569661235075294,17.970735383664543,15.589595179761465,9.245755496242827,70.24228322421907
California,2014,49.66655873657627,29.13425157358599,12.825093181055673,6.541921458649515,38.3860778372738,38.62103958809026
California,2015,49.681698391355035,29.022185621865514,13.200986852454546,6.512080311130679,38.52473258994328,38.19028366430278
California,2016,49.689807088198464,28.921594947082678,13.56036879029873,6.486569094948743,38.703228721026285,37.747326342877216
California,2017,49.707483530147925,28.75197218145353,13.9216531891666,6.474937518724046,38.87336818786314,37.294776510675426
California,2018,49.71877121000405,28.597065181398712,14.315971592797439,6.470266609188324,39.056100033615245,36.86633442927097
California,2019,49.72036845031938,28.44851906593731,14.755965181460033,6.475230116632321,39.272521838924824,36.42443849918897
California,2020,50.002835213349805,28.08539814496041,14.79498622896373,6.506133680309444,39.4687721501043,35.975209603272646
California,2021,49.96941631970931,27.72391458845637,15.281167023374087,6.504887206712673,39.89176667502873,35.39069297632958
California,2022,49.939007109928795,27.81836485366932,15.713197250781082,6.499264765699393,40.15664353246885,34.83747028991551
California,2023,49.905188458838126,27.7249852195009,16.19890090111962,6.488080272052034,40.4474757766502,34.29133278000189
Colorado,2014,50.200602058387304,28.374518952060452,12.628112087556095,4.44126885495878,21.13681536782711,69.04703233191415
Colorado,2015,50.25909699600024,28.520690358188943,12.979582452687113,4.483412072027939,21.23608994545249,68.76658316111536
Colorado,2016,50.304030921505,28.64488971911908,13.343936084781607,4.5154589487005765,21.336982065151904,68.51697125676696
Colorado,2017,50.3393283145415,28.689642453360715,13.760478340505367,4.53298764682227,21.48986162867266,68.23453324933274
Colorado,2018,50.34398748147102,28.74367995955876,14.187537463874515,4.576951127360937,21.662408693461913,67.90392748661394
Colorado,2019,50.37567166091921,28.792429121126627,14.648381536396894,4.602876519974173,21.794791200325918,67.68388427096983
Colorado,2020,50.64686401672953,28.61343710583817,14.732648841815669,4.628277684907002,21.923716284552064,67.42617695198747
Colorado,2021,50.640787831776336,28.526260256218773,15.189510764340811,4.680332218550635,22.18053354018414,67.00864960331035
Colorado,2022,50.63710411794888,28.69789090605284,15.59915967005185,4.73735922667183,22.456467077175823,66.54514719042281
Colorado,2023,50.636347086655974,28.7422778986697,16.044191431551262,4.809914233846751,22.735907962590236,66.05453577219312
Connecticut,2014,48.76509338801351,25.99039907978898,15.659995822784845,11.454274372951891,14.906734354980411,69.0158264169645
Connecticut,2015,48.77606929351347,26.03876595660489,16.02202108310267,11.598186571163204,15.24095591519832,68.40808892478071
Connecticut,2016,48.77136623806159,26.07065139964747,16.39960556786216,11.73312699206387,15.606523214789528,67.81453309235354
Connecticut,2017,48.77378945236851,26.054897402305354,16.781667899188996,11.897802828498898,16.02791802924714,67.17282126039487
Connecticut,2018,48.7668555663199,26.0401766818359,17.20516169677899,12.064166760617598,16.514699287548876,66.47227449748375
Connecticut,2019,48.76672101293823,25.982285022358248,17.686514553191206,12.27813513208836,16.855784961506124,65.87519650748088
Connecticut,2020,49.090364284743956,25.437459784335026,17.613441018608636,12.4883650595681,17.419958597780738,65.07740135387381
Connecticut,2021,49.05367857566034,25.77707134157729,17.994994576394035,12.643786606565325,17.745777870522193,64.56877129587414
Connecticut,2022,49.04392322344907,25.68466369939807,18.514614379780454,12.894234110509418,18.209241761451334,63.85596388289875
Connecticut,2023,49.04207038861255,25.62178340230058,19.097052507259807,13.093805775555294,18.61255852631998,63.254234795321
Delaware,2014,48.40510067718252,26.452448798721722,16.505078065137692,22.337270972671575,8.727177641724474,63.73263775397023
Delaware,2015,48.40653245795142,26.283005949695614,17.02377224501494,22.50354274917336,8.86117199980893,63.271218015742015
Delaware,2016,48.36866532138793,26.046091060001746,17.590414204796055,22.674788865976343,9.006209545584213,62.859780481668736
Delaware,2017,48.367855256372515,25.825049950832096,18.185234596666604,22.835202966359134,9.243670284839792,62.398767357522686
Delaware,2018,48.3522495178312,25.549207071464398,18.78488290924885,23.00397627677782,9.452783652280026,61.909543581337864
Delaware,2019,48.33751080203304,25.349248669967682,19.398096384851353,23.197852289621448,9.640328136070805,61.442168679633205
Delaware,2020,48.542337542924315,25.01345953368513,19.382333429448856,23.322296851779782,10.561650713506516,60.46415731220674
Delaware,2021,48.51141577957987,24.912004506006184,19.937087077972418,23.529154198357816,10.710720970940837,60.076168222904
Delaware,2022,48.434316632645356,24.750088036890155,20.575226664338633,23.839507032651632,10.91186599951543,59.485177922800226
Delaware,2023,48.37221021620521,24.548159203015825,21.254009632809698,24.075628216185834,11.10796693446007,58.93690218918684
Florida,2014,48.89549549005031,25.287636472064907,18.995692529621415,16.84810727172724,24.074488210868605,55.81211833656696
Florida,2015,48.905458800834516,25.1993176158932,19.356612662149193,16.876414596072003,24.48776803292687,55.32816947293083
Florida,2016,48.901614889090574,25.0882316424638,19.70865026663532,16.889566935212894,24.942666824451575,54.81248894362343
Florida,2017,48.8934665815643,24.93746391598949,20.06333195230282,16.918872775912806,25.41484664530908,54.270742713633915
Florida,2018,48.88873289890541,24.725153124503937,20.441590810525522,16.952823077342167,25.859158484014483,53.76672212361502
Florida,2019,48.87844141109627,24.53141756191218,20.910498278992016,16.9859830999882,26.155533933096027,53.40275960568872
Florida,2020,49.12474233254794,24.286699934079927,20.798938498327498,17.07786085496755,26.466934666598803,52.94045995102008
Florida,2021,49.11433472519535,24.226868867468703,21.16921723289964,17.039204591990327,26.657225226043973,52.732476656277015
Florida,2022,49.11850345064968,24.16608718671952,21.427841586627707,16.978838122065113,26.999106921343852,52.38737721629446
Florida,2023,49.130704604531495,24.09647527461082,21.744954142560484,16.93627174996504,27.409402953270938,51.934904699654496
Georgia,2014,48.742404582411396,27.882753640974805,12.396124634154964,31.686698035309384,9.041590260707657,54.40480601922074
Georgia,2015,48.71125453472938,27.82445035539866,12.782381205875904,31.875817326572104,9.172460190666081,53.932943304626676
Georgia,2016,48.67850059203903,27.81475609990336,13.138930208852123,32.05136139874483,9.338976733826508,53.40815809023323
Georgia,2017,48.65067599395643,27.76819997943752,13.50235014180144,32.24430262327145,9.492829578792653,52.92062584819034
Georgia,2018,48.63035296061396,27.712075292585908,13.889504418935358,32.424098015578664,9.657433525844514,52.45297992117223
Georgia,2019,48.60439667972021,27.74179009824972,14.29424295400272,32.60356115250065,9.805024830589328,51.99931878186154
Georgia,2020,48.837621443126835,27.477141624558925,14.28794518275985,32.79383250142792,10.519679214042725,51.06127339763091
Georgia,2021,48.765034797182864,27.477861077246086,14.643277325137147,32.886472540136424,10.695660998194226,50.66056493813706
Georgia,2022,48.75816789836115,27.592198402844275,14.986195553071294,33.08958458373613,10.90814292848536,50.067817266325484
Georgia,2023,48.73425852963222,27.61621462682743,15.379291767229017,33.200440973787195,11.137979116759498,49.55650110383982
Hawaii,2014,50.240685067492855,27.119233255730972,16.234460392769204,1.997760247573896,10.08722316624686,22.364881812433097
Hawaii,2015,50.26082238989626,26.98996977510174,16.74906307031839,2.0661996248767567,10.294104212300923,22.28237686744685
Hawaii,2016,50.261217662723034,26.81300454550226,17.246804326450345,2.124733620970197,10.494966354885102,22.098629350857486
Hawaii,2017,50.18618101325396,26.39435866970878,17.828559164461414,2.154004557559707,10.635989291347862,21.868992251867947
Hawaii,2018,50.12866259762126,26.042476224473017,18.420605128796108,2.17096174413359,10.768729156448378,21.686288122706596
Hawaii,2019,50.0980845780809,25.76957718023615,19.00333070785489,2.1767217781670865,10.881842873945246,21.519551572991244
Hawaii,2020,50.41163025149861,25.128223150661427,19.263000273570285,2.2206051484962934,9.630845497563708,21.599373200172824
Hawaii,2021,50.32268990043166,24.892845663886863,19.920925940646068,2.1699055465890673,9.778088052835848,21.580167894134764
Hawaii,2022,50.21901501946299,24.583940936460287,20.501403710854323,2.1806323333557964,9.974162827680164,21.52495590173399
Hawaii,2023,50.155107035002914,24.342955172255213,21.078530427039073,2.18780354223775,10.111292433201546,21.52043914940584
Idaho,2014,50.10390577902377,27.156351240742826,14.185221853541863,0.7853585974680319,12.026236209203503,82.95338698531106
Idaho,2015,50.0996372152412,27.015694449907564,14.601254466730609,0.8099873222006723,12.20657248584716,82.65102163697924
Idaho,2016,50.097385091530114,27.01521820198618,14.9920191729868,0.8424404228888219,12.398725442924023,82.31201708277021
Idaho,2017,50.10713797685122,26.93730756594728,15.373849029943393,0.8652445566057758,12.559536442902871,82.07141174999782
Idaho,2018,50.13190082154064,26.856970653066025,15.814857135029683,0.8789583088385536,12.704200849964101,81.86988677418876
Idaho,2019,50.14169452114518,26.80966541088616,16.26379215901088,0.8935977552457715,12.86647736800331,81.64253853979184
Idaho,2020,50.24373573476794,27.123583074817542,16.327239083802375,0.9249250678215297,13.056935478027555,81.36366561241611
Idaho,2021,50.262924794845155,27.220736588472683,16.592431651367235,0.945741668447502,13.29299457033389,81.043056658915
Idaho,2022,50.29876286490534,27.23909693470229,16.94732737973673,0.9691097867143614,13.56005891708905,80.67613342162645
Idaho,2023,50.31027227206236,27.311594593851762,17.362726405615845,1.006043590811136,13.826762612191215,80.26416915132187
Illinois,2014,49.08450013395325,27.640741719189897,13.962492468039809,14.741687525397568,16.489917184914162,62.39219712206945
Illinois,2015,49.10025479049285,27.488686454500673,14.338884186387041,14.726913815648016,16.666945317442202,62.05496522632728
Illinois,2016,49.11853794217292,27.34300864260763,14.760310033553251,14.69658217948949,16.853252557829848,61.75098031003511
Illinois,2017,49.12837689642628,27.19113532484192,15.180729603917653,14.662775345615179,17.035627763080647,61.430749068086875
Illinois,2018,49.13359348384655,27.042225406758597,15.633463618156362,14.664441595214342,17.23127134384859,61.09175983531223
Illinois,2019,49.13466998583802,26.936610253226945,16.122675133379865,14.678349290918296,17.4172261709288,60.78001632112754
Illinois,2020,49.43779911694411,26.652907342617567,16.05807406313991,14.684758212769196,18.28361006655248,59.84881422778113
Illinois,2021,49.43649662369199,26.584045298703952,16.52954006515664,14.687816505482399,18.507698098892693,59.51278220183366
Illinois,2022,49.422535955649565,26.551178361400723,17.0481815439918,14.661909801021498,18.75951667850187,59.14777768991334
Illinois,2023,49.41224439904447,26.600491852825996,17.561566665118157,14.63068128620558,18.990789333504598,58.793026663848
Indiana,2014,49.26272953428424,27.147966068624118,14.281023144414837,9.562904533780149,6.494189904546969,80.31019922774631
Indiana,2015,49.28179056853255,27.087434178504477,14.62334540634252,9.628640771559366,6.610358224423658,79.9975708778811
Indiana,2016,49.290407897198776,27.086616877812826,14.98386989375251,9.706310642314781,6.7614175451325105,79.5991592519198
Indiana,2017,49.29358271335567,27.027613647894317,15.348282245092665,9.797213117608527,6.921649553862254,79.2273360163841
Indiana,2018,49.311642445503686,27.032710848922314,15.700917864811439,9.912306984225228,7.100161962092599,78.76418549220338
Indiana,2019,49.31561533855989,27.050769498188238,16.103274248589734,10.008899110237543,7.275089473942247,78.3673475451678
Indiana,2020,49.59614664569579,26.791703404487606,16.05241226448639,10.082296646771043,8.185859152423488,77.34837529227005
Indiana,2021,49.608045322153664,26.901722064551958,16.375903717721012,10.188708265199525,8.354562316053396,76.94280047632759
Indiana,2022,49.605533970095465,26.93577570220398,16.759705480195905,10.29433245797812,8.56925527284181,76.49205813467083
Indiana,2023,49.61195383578937,26.986407709831788,17.183238201048965,10.42167386868262,8.773980468942973,76.02906881598742
Iowa,2014,49.66011850283044,27.002359319279005,15.744140359404794,3.4420214727308793,5.570873931852675,86.94588225006855
Iowa,2015,49.70554429869776,26.927364604660113,16.026915259079065,3.574300545613332,5.718451735301474,86.53317922807099
Iowa,2016,49.72590410473604,26.83296044631544,16.359484362682363,3.710252424829488,5.871869424647566,86.10546372569983
Iowa,2017,49.74568459036293,26.70823931032333,16.700999512045232,3.8745644510636077,6.019688688674042,85.65377986814407
Iowa,2018,49.75713514714753,26.563382964538558,17.079208863773452,3.9973332486745607,6.178799326962761,85.27181815295724
Iowa,2019,49.78357992604118,26.521871783607775,17.47729773046934,4.11998875805641,6.343342629880529,84.85622845452393
Iowa,2020,50.09677508317392,26.34165741119131,17.44367740301808,4.169539415789381,6.801552162020544,84.32112028440844
Iowa,2021,50.13142819261376,26.46093865308461,17.761755678023132,4.292726826986339,6.980359881223686,83.92542208368877
Iowa,2022,50.134247254345965,26.539452378712582,18.14899116884026,4.405641416223369,7.19575284253833,83.50635514094633
Iowa,2023,50.1416275127814,26.618987690692,18.579240936400453,4.511001545367577,7.439342139891313,83.10516606776916
Kansas,2014,49.797078495489615,27.792854309699877,14.29038124155499,6.181205784839453,11.335380984823187,76.82314900679253
Kansas,2015,49.822603846406224,27.803767937590635,14.600251415716473,6.194109561321145,11.525132810919096,76.44374221197046
Kansas,2016,49.8230504394645,27.694039465467803,14.982679231590227,6.17028558756214,11.707988082295191,76.13723005708593
Kansas,2017,49.827200734345354,27.506482548991855,15.394937359407358,6.147325287231543,11.896250358996486,75.898040875443
Kansas,2018,49.830160384626474,27.44614364167446,15.811460517696691,6.154703393496451,12.086284155031606,75.60214615201865
Kansas,2019,49.802155093240316,27.291404518588834,16.30537296983659,6.16064148099573,12.25711426251487,75.35018977661122
Kansas,2020,50.186853924476985,27.217367272450037,16.191386068116934,6.2086215557954665,13.049040816521018,74.49787687653755
Kansas,2021,50.18468685265148,27.268983160343996,16.568105744625665,6.214273509451842,13.263518117759823,74.23090826039689
Kansas,2022,50.17403793897673,27.280847041389087,16.99718324822693,6.20117845920409,13.49609563880198,73.96997190058555
Kansas,2023,50.148441819988534,27.311084404052856,17.459138540937637,6.201977455887444,13.72404988733385,73.71345321583135
Kentucky,2014,49.25496808687904,26.493618281400554,14.822123291144743,8.170696256638003,3.4017267860118374,85.3879065209989
Kentucky,2015,49.270781639537915,26.426884220498582,15.188549614528915,8.21498417520748,3.470504113001075,85.15887784632905
Kentucky,2016,49.25784394138602,26.350120915090088,15.575255399064838,8.26839411518035,3.568808095658272,84.88797844112545
Kentucky,2017,49.270220105530356,26.346342459696697,15.9411884845778,8.350925466660982,3.700834232952314,84.58419648127409
Kentucky,2018,49.25612748145107,26.2603339894312,16.337643329608202,8.395163109424535,3.8287309042256155,84.34894102578404
Kentucky,2019,49.265184148360646,26.26083184548598,16.777350584536748,8.469270595179934,3.9157757283930463,84.09463044554926
Kentucky,2020,49.59780664151965,26.033466018803704,16.70836517377952,8.539568848009885,4.618763108189492,83.2904369969533
Kentucky,2021,49.5627163013577,26.05488508297098,17.066665187683025,8.593974620640696,4.735602094240838,83.02229567840979
Kentucky,2022,49.57297504213063,26.12613411360985,17.42651050201449,8.684285246598574,4.862904496734281,82.69847944049545
Kentucky,2023,49.5594051815294,26.20878564891959,17.824338279254306,8.750144162129702,5.036903295822458,82.35729495726393
Louisiana,2014,48.936576424394815,28.38600084633071,13.657651049153044,32.558032414552244,4.778023296910118,59.425932933241896
Louisiana,2015,48.93567556703474,28.2271173032429,14.039731750474289,32.58274376804961,4.89558812752866,59.22252377224074
Louisiana,2016,48.90334959218994,27.97738086439242,14.471713904505243,32.63134149879116,5.009499404658404,59.01037863896409
Louisiana,2017,48.84892460383942,27.62677234800124,14.93039842539262,32.73243549559415,5.088289232045117,58.791896651734085
Louisiana,2018,48.80719055837237,27.295007985936177,15.411120282134014,32.806118620630514,5.186806590273236,58.5872718112532
Louisiana,2019,48.78009825504451,27.03278137769587,15.93075563216935,32.8670530034122,5.320949662805089,58.34801863776047
Louisiana,2020,49.01012935880355,26.748863182504294,15.854482201502918,32.584067745165434,6.908694756817573,57.16329372475023
Louisiana,2021,48.966111647450305,26.609303946988224,16.30566968522256,32.62586267223998,6.977992659248978,57.00434856183653
Louisiana,2022,48.9017818786,26.43598342902815,16.827313202222395,32.57873816238497,7.1238091003467074,56.85411777578273
Louisiana,2023,48.8635908966583,26.363208824970503,17.352395157670436,32.59929655081641,7.253196447815567,56.647271199184736
Maine,2014,48.973683479102206,23.628904979428597,18.27508212410148,1.4443926121736725,1.515004691196101,93.78403370750223
Maine,2015,48.96222851889026,23.570270965722617,18.826226508504266,1.4750605297728234,1.5529328913293075,93.67714043659686
Maine,2016,48.960256629649315,23.561486938847807,19.396283853767933,1.539462662907889,1.6005578122232331,93.47768000552408
Maine,2017,48.975289408217,23.469409908942065,19.975249729925594,1.5846611211887316,1.6569055574313323,93.32161950315293
Maine,2018,48.96587850518198,23.453071098697656,20.622510023333678,1.6414164968439462,1.7079029312980973,93.16241867350982
Maine,2019,48.975382123245424,23.44947502173477,21.19240286230188,1.7245145901602799,1.7906477332679434,92.92583428074633
Maine,2020,49.292460262495815,23.26713408480803,21.30072399244568,1.7725686085259473,1.9705141086552973,92.66524345244508
Maine,2021,49.277444594415236,23.44125669882295,21.806413898593473,1.8446649119842295,2.0634079085456998,92.42754682195292
Maine,2022,49.273754838635384,23.501264631068896,22.37648434002381,1.9936113458352107,2.181974436746134,92.1050169217282
Maine,2023,49.26160080589114,23.423289165034298,22.987457387645964,2.1391795787413255,2.284337425361211,91.80932879183678
Maryland,2014,48.448506593217786,27.026270187702682,13.78963380259004,30.402827889096496,9.162401611794772,52.710356801537706
Maryland,2015,48.457150070935626,26.890197390744436,14.168523550361625,30.563954948528256,9.422449055928269,52.122591728718646
Maryland,2016,48.468823278920276,26.706829716061925,14.58548290381877,30.700544396933317,9.694533756705079,51.58095186726717
Maryland,2017,48.4629206862562,26.52346825396562,14.976147053193117,30.847986442355957,9.976898523038274,51.01307424820667
Maryland,2018,48.444536243951454,26.323679655248718,15.416838997622207,30.9834921426187,10.27114010519098,50.50280918076718
Maryland,2019,48.43098725440358,26.1601491935364,15.858931380816434,31.140352181040516,10.541665551877024,49.991213806083415
Maryland,2020,48.684084993591355,25.724214485050993,15.76852996644308,31.287549470017034,11.846385524116943,48.69432198479709
Maryland,2021,48.66413119256621,25.657432455957814,16.21638384821487,31.392224672046925,12.041693623285337,48.29182621341221
Maryland,2022,48.635305657171884,25.451976571634464,16.737073005254235,31.479834217529223,12.320803714352786,47.80155876534986
Maryland,2023,48.612945133475925,25.334885157614096,17.254698149088718,31.562850258719184,12.641440407051297,47.26942408344772
Massachusetts,2014,48.483901524110465,27.966593267802576,15.088167330488833,8.352289122146432,10.848510775678564,74.19387884220583
Massachusetts,2015,48.49433996461043,28.00393498535635,15.423294854390242,8.502425309129084,11.159996845891804,73.54700651005578
Massachusetts,2016,48.5142545786902,28.07153068279022,15.775316084882999,8.658924198216567,11.445246130230487,72.88706483401882
Massachusetts,2017,48.530995576639526,28.102835846120673,16.10917657891823,8.818149764845066,11.770291219134094,72.19069987003829
Massachusetts,2018,48.525077987487144,28.065895795937102,16.50398215437166,8.961822438321628,12.106940160215634,71.57194890294697
Massachusetts,2019,48.536037522319084,28.044623817401977,16.93667608282838,9.100604027653551,12.332986651115037,71.03607124297831
Massachusetts,2020,48.88725787982445,27.4100409662414,16.95884069552438,9.178555908194577,12.691732284533533,70.51273751867217
Massachusetts,2021,48.87581449011871,27.42128770639268,17.39505897567074,9.312093291271635,12.90385187195963,70.04289646766689
Massachusetts,2022,48.859903132581195,27.24894525644661,17.95995554753578,9.47320106433864,13.174713651088254,69.47801292902214
Massachusetts,2023,48.853593403261264,27.166299192489955,18.47736430961869,9.645258040571605,13.488489943224206,68.83260045599458
Michigan,2014,49.14460111036683,26.410745916772527,15.418666047525214,14.206356342150695,4.814291293635452,75.75856826089885
Michigan,2015,49.179267808903596,26.44127530340532,15.822927071292991,14.18044602824324,4.901362255086651,75.54817900438302
Michigan,2016,49.21230079975953,26.494996994710835,16.251376189369683,14.147271927786262,5.0117252991902745,75.29982820173804
Michigan,2017,49.2365451200952,26.495536824008454,16.685269915499553,14.120878217680463,5.111102290605199,75.07366124766858
Michigan,2018,49.24750327566468,26.458078801388083,17.146179652810584,14.107796652664199,5.220827760414591,74.85917595631085
Michigan,2019,49.2554128552464,26.42385747529118,17.65876014480017,14.111346302052272,5.341631951382077,74.66156290639918
Michigan,2020,49.58110354002784,26.25390653432006,17.645475301587478,14.196990912283812,5.619074164895592,74.24181235190223
Michigan,2021,49.575024877673776,26.140470369094125,18.143163702913604,14.186545145867496,5.731383684808615,74.06174883197714
Michigan,2022,49.556520942650764,26.228927506366063,18.635877934645706,14.137299653024767,5.86351563361975,73.86027561671999
Michigan,2023,49.55077884295327,26.2306320419485,19.19599380747397,14.108998460835082,5.9787426071714185,73.65457568553812
Minnesota,2014,49.70954569921314,26.934810776015034,14.262016830302246,5.934859376103245,5.078544161432987,81.37353019120009
Minnesota,2015,49.745058444544696,26.789997523706226,14.627711660207272,6.141591487384578,5.180559744507752,80.8828114942336
Minnesota,2016,49.77080226446783,26.656254072132857,15.019890106707978,6.3914749446189925,5.274950410470992,80.35997654451475
Minnesota,2017,49.786714016867165,26.488885553131347,15.417675848040044,6.630009643970328,5.395488072701639,79.85446241464118
Minnesota,2018,49.8049123853,26.34082173570567,15.845564493554907,6.861478522354844,5.512482077150002,79.36369915500069
Minnesota,2019,49.811411346666425,26.24860085534657,16.299704985041807,7.079366098155461,5.600355173967337,78.93156323176396
Minnesota,2020,50.13939044348926,25.97623217824886,16.30899709276364,7.252155561135842,6.070243677610217,78.21789668226229
Minnesota,2021,50.14547125832114,25.90997361300378,16.781695875178034,7.425137741239546,6.174431196536951,77.83072588024277
Minnesota,2022,50.122919692700776,25.75104562238594,17.326986682533292,7.650998372504068,6.300316749208126,77.36317659205852
Minnesota,2023,50.1118437620634,25.820685736892234,17.833080483067455,7.85105739628419,6.460726587967929,76.88764995647374
Mississippi,2014,48.564654071737884,27.6187442594853,14.248575817576302,37.551455734364744,2.954618682759939,57.256411661918285
Mississippi,2015,48.51367670256913,27.48469934262604,14.639170017299666,37.64043647464025,3.0275587404451363,57.05014094228841
Mississippi,2016,48.50081672710614,27.33663367991988,15.026274035768802,37.73519985153456,3.095771911609563,56.869820219722165
Mississippi,2017,48.51755824941134,27.179960102639072,15.422944794384142,37.77810620615955,3.1968044661504393,56.68066796982888
Mississippi,2018,48.50595682895619,26.90236513113673,15.8516319300917,37.842265810983285,3.284276700462875,56.49045770881085
Mississippi,2019,48.4731351908367,26.776434435655844,16.33515511074206,37.851950170353035,3.3406452899661447,56.37370824990842
Mississippi,2020,48.606666623850856,26.596491560159528,16.430013564723474,37.94336753302197,3.5596836002053807,56.03410481782607
Mississippi,2021,48.57284862736483,26.675644209925338,16.754882556240172,37.91686415227649,3.6436010255012405,55.92314436418449
Mississippi,2022,48.52776250387896,26.736755715009007,17.17823641817697,37.85026376964662,3.7439842010420126,55.82760108447707
Mississippi,2023,48.49892335586405,26.83776180481615,17.609407794699443,37.816368392585616,3.882280104364746,55.64678588558658
Missouri,2014,49.055656505141826,26.940930463614414,15.394949439936095,11.792518067775406,3.895674791595493,80.1959852322033
Missouri,2015,49.072136848025586,26.865046661040708,15.730590078597151,11.811118622262757,3.988964697203202,79.96268894400724
Missouri,2016,49.08380427173857,26.74966805573249,16.105847209763823,11.8211230813884,4.0863619827612245,79.7656329005034
Missouri,2017,49.08874948415923,26.6377064958466,16.467699122718887,11.821008734194654,4.187792548395764,79.53873608293509
Missouri,2018,49.08564923262965,26.50236223197376,16.8511322095741,11.825606522770375,4.291717284368589,79.33331875064682
Missouri,2019,49.06182339314141,26.402892284391683,17.28993278207305,11.818759949352451,4.39438317068305,79.12868304162137
Missouri,2020,49.37787861938709,26.25019782510993,17.137877683475274,11.871293927329697,4.943385459505078,78.43329337293193
Missouri,2021,49.38101997717163,26.289800341728636,17.461788900642148,11.828274147205859,5.063064864750106,78.25708994548646
Missouri,2022,49.36783328541494,26.254409787786248,17.88533191909302,11.75002849202094,5.199826198672272,78.09424966262857
Missouri,2023,49.34659488883108,26.269448348298525,18.34387320138486,11.70813000834711,5.341682811084808,77.89589222737452
Montana,2014,50.29027327833281,26.17426957425608,16.588650935748742,0.5376191626322413,3.462255673212035,86.76780191207804
Montana,2015,50.33480530686043,26.08485741569276,17.07347102991289,0.547166976088105,3.5956548504840065,86.59130679256806
Montana,2016,50.35038579380638,26.027863898892374,17.582813008270506,0.5633616309563906,3.703543775914299,86.3887377571279
Montana,2017,50.33505335613202,25.939354488538346,18.078078534001605,0.5822394203415627,3.8740366385731715,86.14002592369779
Montana,2018,50.328493206933764,25.810355446978672,18.664215524694438,0.5848459905558203,3.9849578741366223,86.01926130466802
Montana,2019,50.3341204702637,25.741340014185287,19.237040975663543,0.594324203853202,4.064392597860246,85.86452211568204
Montana,2020,50.69466736447663,25.52623179861131,19.324399771525492,0.604298521630116,4.233952746982876,85.66028121496196
Montana,2021,50.68494512665791,25.759558771690383,19.65308044534991,0.620951836914728,4.409842674124114,85.47750021240711
Montana,2022,50.657417813867575,25.890346057185198,19.995404665511302,0.620815440323882,4.5765434891412955,85.29457340868733
Montana,2023,50.66515891427704,25.933341101612623,20.478596625035753,0.6417658005035257,4.736178642175401,85.1082968753862
Nebraska,2014,49.798053676816735,27.58087294642691,14.407791675864582,4.926766864100471,10.165668859095032,80.45469173464258
Nebraska,2015,49.840781920648354,27.474566067971452,14.700492955029414,4.978703095410872,10.386621136021656,80.00865723531876
Nebraska,2016,49.86899961866956,27.41136427652384,15.01870197636171,5.061781300960985,10.646724885561529,79.46380848924434
Nebraska,2017,49.899686906298285,27.29152560409557,15.34456478306185,5.103761193282414,10.948681219281397,78.99220552134119
Nebraska,2018,49.90553161964195,27.177291027009957,15.684607522570621,5.17275405190931,11.21151153563312,78.52945086813273
Nebraska,2019,49.93193005586858,27.073985897542702,16.105747214461978,5.226974843356337,11.44201170358036,78.1664942711031
Nebraska,2020,50.26213878558917,26.847157781928445,16.01193517152225,5.307005189802946,12.014375993557696,77.47852692926557
Nebraska,2021,50.27697552199233,26.792017117957815,16.368970799586407,5.342183517092757,12.302793988350787,77.07836006868769
Nebraska,2022,50.25908762944219,26.837850472038454,16.77626698373017,5.376512911191732,12.580256699490869,76.6951718951658
Nebraska,2023,50.281164529142295,26.956210109387534,17.16283886959981,5.461137628331073,12.941453583969503,76.18737360232797
Nevada,2014,50.2900918254589,27.14670611418851,14.1965671432651,9.148880694304765,27.683043418879826,51.68966294008198
Nevada,2015,50.237978951595785,26.991167255992703,14.6423029766804,9.3766460951616,28.037277617010243,50.90772942666473
Nevada,2016,50.20573340800225,26.87923330781575,15.022597621897857,9.646093325866442,28.329077547776972,50.13928492527114
Nevada,2017,50.17457371007743,26.762955583212793,15.378535761114124,9.92669485551784,28.612491449639766,49.36904818382442
Nevada,2018,50.16175997492349,26.6637520725239,15.730394542559948,10.154698958170075,28.88223114931246,48.73173910532958
Nevada,2019,50.13328389583053,26.635975295484528,16.102195859867972,10.329105585628957,29.167932532044595,48.05707054971074
Nevada,2020,50.41032273800965,26.30212077641984,16.259531940022594,10.48067294854678,28.770636489678548,47.97942127965493
Nevada,2021,50.37719695216981,26.287535371152394,16.639600690516083,10.661240335698613,29.122598384558472,47.21702442484536
Nevada,2022,50.33840337808556,26.32140972190969,16.957526245341743,10.886690809936738,29.562906520728603,46.212163890148645
Nevada,2023,50.33711354665491,26.259542367108136,17.397569827085295,10.999581738764551,29.94202573684105,45.44470937105532
New Hampshire,2014,49.44204902054102,25.270393934601802,15.917772962780033,1.4440996000020987,3.2669118468181164,91.21533557627953
New Hampshire,2015,49.49733827795556,25.32142536710829,16.403684541077247,1.5028262104853904,3.4099949158118252,90.87702246014894
New Hampshire,2016,49.517896187673685,25.379885598953333,16.915830538798268,1.5860009793896526,3.568669652465517,90.53355897994632
New Hampshire,2017,49.52069579641512,25.43041110193684,17.45992839132254,1.6561820800580571,3.7417940676616843,90.23833767157016
New Hampshire,2018,49.56046356482056,25.364632224013032,18.03752442689054,1.735711375994049,3.9003323828247227,89.96187633942013
New Hampshire,2019,49.528029083255745,25.391925090187044,18.630009340210744,1.819908097029431,4.051858378595265,89.66771336796535
New Hampshire,2020,49.85979566287711,25.166859843533988,18.786873450535357,1.881697422648259,4.35039624226265,89.30834944752382
New Hampshire,2021,49.90472030870043,24.9092969050677,19.408300144000624,1.934855213788312,4.5191546774256315,89.03389852496659
New Hampshire,2022,49.90968568330447,24.961704871254746,20.04506066105648,2.015792675212276,4.710425924747838,88.69802280624131
New Hampshire,2023,49.904853878666586,24.738918757765394,20.792779736015873,2.052987973359086,4.8414683029326975,88.52918646500063
New Jersey,2014,48.78620573147766,25.56671005089838,14.85796597986056,14.848436560626222,19.100452145568475,57.27281328867927
New Jersey,2015,48.790606237976746,25.504548205294242,15.190547976215493,14.913579139042685,19.413871800676233,56.73042842235989
New Jersey,2016,48.81764797628556,25.460321331268176,15.541814896889464,14.946745306067989,19.73592631793422,56.191737183081834
New Jersey,2017,48.83593846951451,25.422948112806864,15.854620766285707,14.984698160370211,20.087921588155552,55.598900423226574
New Jersey,2018,48.8565892126729,25.335350938456298,16.21935213957239,15.03436339160096,20.442636022461322,55.088571065473204
New Jersey,2019,48.87452371756618,25.29352989194555,16.6026337330443,15.119232846465597,20.765239294597006,54.589294338326475
New Jersey,2020,49.19849160820638,25.171746405889657,16.355509991380863,15.244167847951209,21.614843289627963,53.60501367931813
New Jersey,2021,49.193925025689985,25.13326159016309,16.79226036837151,15.321687205171983,21.903405642897024,53.16578875682032
New Jersey,2022,49.19808911028044,25.05723847042869,17.262051501503592,15.440581538324318,22.285992693733178,52.60339341550535
New Jersey,2023,49.21311213914865,25.06418956044991,17.74160164833302,15.530348651968104,22.66052125959318,52.02939109602672
New Mexico,2014,49.519240889545486,27.461013971628084,15.178333929757216,2.4568039207056045,47.959321339791295,38.6388426952746
New Mexico,2015,49.50693062580171,27.357730909619814,15.732910508781758,2.4825472436103846,48.32792761585611,38.13860868841298
New Mexico,2016,49.51071775891195,27.27918740487108,16.264901042027567,2.5128132832828767,48.62266463724968,37.770620127069535
New Mexico,2017,49.5063177188553,27.127153289972878,16.850849848340342,2.538602972796826,48.905460703234446,37.403408949735386
New Mexico,2018,49.49655021554586,26.966873854330547,17.443596525666337,2.5836368551415303,49.31782816892529,36.98447859681701
New Mexico,2019,49.48386242554655,26.88873394124881,17.99318357389907,2.646223103645683,49.497483847184796,36.688680027090435
New Mexico,2020,49.741088927574765,26.55044541201083,18.314146693302018,2.7217996986530015,47.84029930780821,37.79412486641416
New Mexico,2021,49.7255957863908,26.569262382200808,18.797562530999787,2.7440893738633414,48.100238550745175,37.455915349913795
New Mexico,2022,49.70692830200106,26.600538638716504,19.28746765991192,2.784606969750307,48.372349626870616,37.07834865406562
New Mexico,2023,49.710102910038025,26.70160534740592,19.795532572098274,2.8397097765718504,48.593979013143866,36.76729391388739
New York,2014,48.49406192740596,28.01644150581138,14.875743578818376,17.57500255298935,18.4705917251802,56.84881179270938
New York,2015,48.51212939952499,27.87218054789867,15.252190265397815,17.594381248594352,18.64195024337243,56.46106608321653
New York,2016,48.53964254429442,27.758568262365525,15.649525414318752,17.605383799904985,18.801784910475657,56.10424033622065
New York,2017,48.5511703188077,27.594420065194953,16.067190269762722,17.602906912266192,18.929731468278643,55.81997186974341
New York,2018,48.559693059255025,27.4388411273828,16.499748415096978,17.59630963782519,19.07861391198509,55.56126458227952
New York,2019,48.558816153475,27.28946848274309,16.960863080046064,17.601155744160586,19.18944593241447,55.31568379208874
New York,2020,48.838764647687036,26.92328315106261,16.794318346297956,17.795670765706145,19.56381862757533,54.56898905778795
New York,2021,48.83991690358158,26.65031136981059,17.418809192422927,17.798954253554076,19.645757345201794,54.37689119347397
New York,2022,48.8253664884208,26.535489905048493,17.99084033100868,17.72484903320253,19.704496472358336,54.22823943232417
New York,2023,48.82487117816287,26.45838153337023,18.568600949476004,17.666030562434138,19.789930273111285,54.04455706788991
North Carolina,2014,48.68097404776652,26.75998850793903,14.685022433167175,22.17237185773392,8.805021889759738,64.18473035167015
North Carolina,2015,48.69031438791107,26.749085254499803,15.076378733629179,22.19277293768054,8.970523505616795,63.88684593679245
North Carolina,2016,48.67994869413909,26.825616165321858,15.448155750328535,22.205264381258363,9.14217773579922,63.57085091797695
North Carolina,2017,48.66741704115648,26.77574734632715,15.845672893425478,22.225902945553994,9.332206928189628,63.22107819199323
North Carolina,2018,48.649435425090736,26.75533842641164,16.25860643045885,22.242126582492876,9.555103384947376,62.89023051655038
North Carolina,2019,48.637674805530395,26.771966437947608,16.686029193866254,22.252543093367503,9.744391786834955,62.58536017728711
North Carolina,2020,48.98367217623581,26.59902435590003,16.544778115389867,22.137388734367903,10.73662889671251,61.716348065184256
North Carolina,2021,48.9280786592348,26.797683375760617,16.840590133527648,22.128407983268826,10.916542854709428,61.42620018737402
North Carolina,2022,48.89365288685967,26.813204792648442,17.220755677491464,22.11968719044986,11.170174921103424,61.040233396425656
North Carolina,2023,48.88123666938582,26.842604548331035,17.61331350835878,22.07945168336165,11.429302096231726,60.665372708998596
North Dakota,2014,51.25051439215091,30.67577591994975,14.17028546057049,2.108737086049685,3.141176279482792,86.62945896775031
North Dakota,2015,51.37167339256714,30.765932045684064,14.17098037554746,2.592725438992399,3.4936740358182323,85.68501608789511
North Dakota,2016,51.32903239458601,30.413006504310196,14.520429459049824,2.9461165908844436,3.6523593003171477,85.00318735005567
North Dakota,2017,51.23494393826271,30.043541172506295,14.963099021479872,3.1250536831603357,3.7926409472021985,84.45837820694942
North Dakota,2018,51.19463938468177,29.74112638179517,15.346248069236456,3.322755248913904,3.9887535490525776,84.00077888382789
North Dakota,2019,51.202528662186864,29.467975341877434,15.7161487657845,3.4157627624639266,4.182008160015922,83.61633260182998
North Dakota,2020,51.41354835978619,29.074622577007887,15.77781398039671,3.4806680152854867,4.355773683461119,83.68996476230915
North Dakota,2021,51.34720340573432,29.115069500322633,16.13623451442321,3.5281021925957154,4.4423906979853,83.47905221457566
North Dakota,2022,51.3115730660203,29.05514358489791,16.603030894375745,3.591676595045397,4.594228873094779,83.18821638387905
North Dakota,2023,51.29157599059096,29.074427943453845,17.006197013493622,3.7563494513512756,4.870995476613864,82.62131884897299
Ohio,2014,48.94455064384638,26.23475508231413,15.5109005905533,12.656018275161843,3.4836811865138833,80.01669398882856
Ohio,2015,48.967137786232776,26.247559113653345,15.861719459505272,12.749396312180492,3.585929309264118,79.67416990504904
Ohio,2016,48.99028870985201,26.25666018903683,16.24824957946952,12.83055241983289,3.6958830109123144,79.32483165894334
Ohio,2017,49.003729392803145,26.253730378598604,16.632983893130856,12.912120363739666,3.820377437936461,78.97088268811163
Ohio,2018,49.00883425683587,26.212167700891335,17.031798598942615,13.00552218101152,3.9498610208877882,78.62655523225453
Ohio,2019,49.022096938855334,26.21917808453413,17.475319768542867,13.081392590112587,4.062777032493547,78.30512989903738
Ohio,2020,49.33118285256883,26.00091606479989,17.4373036368315,13.188917514501252,4.437582999301934,77.74574489256581
Ohio,2021,49.33020841841811,25.894171017694774,17.84559702927959,13.270462184877521,4.558033601901604,77.42870579547679
Ohio,2022,49.31827750323839,25.98617124233728,18.266218934042264,13.342350572467982,4.705852540248273,77.08036184945921
Ohio,2023,49.31852245918546,26.019089703107984,18.742255069283853,13.424280721045893,4.8474389176590575,76.73561749661779
Oklahoma,2014,49.5428036854114,27.917086750393832,14.46756755990366,7.6696225265758,9.89117049526099,66.87545612005815
Oklahoma,2015,49.54765583485359,27.884362122869653,14.697490204622508,7.704503597733088,10.14714674628783,66.38718962551764
Oklahoma,2016,49.5409408466036,27.770934001129792,15.001134123681343,7.714943167802191,10.439334820550068,65.93782354664786
Oklahoma,2017,49.53958229632789,27.594301609568024,15.343265536269302,7.731539693136215,10.698896329623587,65.52612592733072
Oklahoma,2018,49.53262188194817,27.43624425888959,15.692579766947434,7.74202939123943,10.954718259571223,65.13003209341578
Oklahoma,2019,49.524778093436574,27.35702188212315,16.062889264357903,7.759533978543057,11.160165587894593,64.78457212859622
Oklahoma,2020,49.837134454107876,27.335864667759836,15.864864469536979,7.842462765123067,11.974930105007674,64.0258052866489
Oklahoma,2021,49.81476257592755,27.447706878937296,16.052097962889384,7.889701310290473,12.247615888631072,63.58062888531363
Oklahoma,2022,49.76773151151042,27.51145667958194,16.312833844744482,7.904542888498935,12.573150703199659,63.107588415909255
Oklahoma,2023,49.749520452787294,27.60233300705704,16.617346979049906,7.926515803350121,12.908527849260354,62.64129868489604
Oregon,2014,49.50402817135117,26.681329998862672,15.840332754415831,2.049655436070637,12.416128623078306,77.0983699946059
Oregon,2015,49.52699262568364,26.59526763686929,16.282373059681845,2.081700278359664,12.580557824205894,76.72645949700166
Oregon,2016,49.54700043070688,26.68684775574351,16.655799237333664,2.1184768856007823,12.757865286710798,76.24523272463513
Oregon,2017,49.56988822109067,26.61303973144899,17.09288032148191,2.1458811456337554,13.003466838859264,75.80159496770665
Oregon,2018,49.57887319297685,26.532040583831197,17.60457297148968,2.1803554790227793,13.22538482977805,75.4133941176105
Oregon,2019,49.57430013785199,26.463361065018137,18.130288635322177,2.2119647561879225,13.443913782258363,75.046345973403
Oregon,2020,49.88447705135683,26.212237140533762,18.151873101904243,2.2432747457976876,13.958489005060962,74.41972332913393
Oregon,2021,49.872276642707035,26.147848038219507,18.634571175846624,2.2767484285668975,14.244590287950212,73.96393486144018
Oregon,2022,49.830152010471345,26.10151156572696,19.121267525267264,2.339965358133821,14.596100042010871,73.36267882630924
Oregon,2023,49.79996966946807,26.064084351004567,19.589035465462644,2.394316757524405,14.918629607984963,72.83688268273083
Pennsylvania,2014,48.90112029087288,26.224376176089663,16.688896025074904,11.642427780512042,6.578324053859514,77.83074502407369
Pennsylvania,2015,48.935936483323715,26.17287255710354,17.022232807014444,11.717091334542314,6.804769536564889,77.42581258652376
Pennsylvania,2016,48.96171300581118,26.12262860570946,17.41270338245363,11.80163253331048,7.055559743356279,76.9815508784946
Pennsylvania,2017,48.974827738937414,26.024842045666013,17.811763780865466,11.893397247402612,7.334775651659569,76.52066925633694
Pennsylvania,2018,49.001159877890004,25.95165299189085,18.228811735275535,11.994067970546268,7.652071295836627,76.03012450438582
Pennsylvania,2019,49.007354782444686,25.84188010781878,18.70609333642631,12.072006596200621,7.855271432671117,75.66650933522871
Pennsylvania,2020,49.301422333324126,25.62510787407034,18.618462408113224,12.112837412585934,8.1169779300906,75.24711867059594
Pennsylvania,2021,49.292371819234845,25.77926469926033,18.982006074561607,12.154725044096129,8.348787661905448,74.8701628924909
Pennsylvania,2022,49.289894744031635,25.65843085744619,19.47843258268848,12.211323525251249,8.62391421706801,74.46397808957708
Pennsylvania,2023,49.29800397062635,25.538604824697536,20.025748199520077,12.25550725164317,8.900695997579945,74.06613786188106
Rhode Island,2014,48.503044454814,28.015325917098828,15.769073866717903,7.749942972671368,14.137193081756838,74.44342747022984
Rhode Island,2015,48.563705073205625,28.020524446345206,16.05461705425183,7.9080430623548805,14.581326652070329,73.79386234655392
Rhode Island,2016,48.60523947454,28.010258872998705,16.407295786790897,8.06113728663586,15.012346192532538,73.1637638303826
Rhode Island,2017,48.61748665946085,27.88887269368153,16.81002580085826,8.202609615788687,15.433191299261562,72.64332916254162
Rhode Island,2018,48.65614185462997,27.87127432415339,17.20111994472019,8.40732608478125,15.94486367901463,71.9195384287168
Rhode Island,2019,48.6657947111868,27.77751526709622,17.687056186316223,8.564883505109822,16.329602951544096,71.41806800118697
Rhode Island,2020,49.009525338275374,27.55881741338363,17.698760721021774,8.722743706016905,16.675543849024667,70.94990715440096
Rhode Island,2021,49.01384751689011,27.512915963292052,18.187171176163893,8.867259992780916,17.074593561889067,70.4628235371327
Rhode Island,2022,49.03642390765759,27.282550862007493,18.773003779339245,9.051398648068004,17.511029929368227,69.9226213657914
Rhode Island,2023,49.0399302165586,27.12384188502886,19.30249406457523,9.25433546053604,18.01193837012597,69.24838634916173
South Carolina,2014,48.572259635564166,26.714831884426683,15.770445287597024,27.797606641836158,5.313166453208278,63.94155369807854
South Carolina,2015,48.56613737809962,26.63530232601839,16.2375005259389,27.637874626787628,5.41561836321279,63.8936308493086
South Carolina,2016,48.54303751074696,26.506785873390676,16.73040124069344,27.477382269020683,5.514190824115344,63.85839620989674
South Carolina,2017,48.511607681722,26.328966470145225,17.20898044240996,27.30181325145183,5.664993469398472,63.7974522896094
South Carolina,2018,48.471689820024814,26.1363685463132,17.691274941070787,27.140963866306393,5.8286796831393515,63.69860215699976
South Carolina,2019,48.43238325905607,25.99717858844889,18.193645154373016,26.974648787386318,5.996643466411979,63.60225930075061
South Carolina,2020,48.699346531308215,25.849590162097723,18.126298310396557,26.72522690778194,6.893639723383041,62.92837057989915
South Carolina,2021,48.66493975179866,25.862231624799186,18.48502305034726,26.511769308612802,7.044950102505888,62.91708960293023
South Carolina,2022,48.60910229218307,25.85111930728163,18.890299084508573,26.21512013636308,7.249749430006503,62.921206029580034
South Carolina,2023,48.59049549134605,25.827278217120696,19.31553692108855,25.95678280021327,7.454059742572654,62.87818771744218
South Dakota,2014,50.342721291795634,27.086398248731864,15.107747713818306,1.7815151764802806,3.524780208786941,83.09543705203197
South Dakota,2015,50.38044234979168,26.862985761639386,15.4870399209981,1.853713100953241,3.6238845018445867,82.79017577688515
South Dakota,2016,50.42080924587788,26.768307720451595,15.820783542300331,2.039266267064802,3.7982246006393474,82.27506764556387
South Dakota,2017,50.45494499457499,26.67786003030678,16.145568664075483,2.205252869300884,4.038995939258262,81.76591906900515
South Dakota,2018,50.438487763052855,26.438560541104817,16.61056691828162,2.250774972537657,4.207253697466187,81.56668402726449
South Dakota,2019,50.452077323765366,26.32204859056257,17.110740626764827,2.336982190824989,4.327227105025549,81.33142154392776
South Dakota,2020,50.80599018755378,25.87942585025432,17.28137121952758,2.4211242414276253,4.393412415582778,81.44589413550906
South Dakota,2021,50.823330161028856,25.94803742947387,17.587546120212117,2.4871164644833925,4.577825033833576,81.14468497677673
South Dakota,2022,50.818194707150155,25.972420205546072,17.954342877930777,2.5644350999979117,4.843004872129944,80.78987194859918
South Dakota,2023,50.841710920486705,26.05529316297516,18.365462223082762,2.618897922155337,5.087358237301999,80.4752000939827
Tennessee,2014,48.774191064198256,26.64114645669869,15.022590321175402,17.07181642562124,4.994807182757983,74.68939740858785
Tennessee,2015,48.776108151283466,26.628062724154,15.365467873293836,17.090818779401378,5.116389506916535,74.45601858520406
Tennessee,2016,48.77956518725652,26.648145912431552,15.706878543774375,17.087951682060453,5.247653946753383,74.2373381833293
Tennessee,2017,48.79918055003702,26.66280253555308,16.011635879708365,17.09213808172697,5.41935453124972,73.96764554678747
Tennessee,2018,48.7934814360197,26.666214234499524,16.339813932353522,17.07691445196203,5.5873848142126645,73.70957985771992
Tennessee,2019,48.780929165156856,26.639127713542184,16.747094757570103,17.059539626591707,5.731337820674712,73.50913755934015
Tennessee,2020,49.108696377220575,26.56794431375505,16.527302341248475,16.943583328604834,6.94346926715228,72.4234781206311
Tennessee,2021,49.05150401890717,26.545465929147817,16.822644369545024,16.81529196581879,7.101962474307872,72.30625231467886
Tennessee,2022,49.049181044168684,26.69268557589074,17.086864815542,16.656986773681737,7.30947303551608,72.16567342547343
Tennessee,2023,49.04399627923372,26.752458328357765,17.427880685706523,16.52420988792658,7.518442812442425,71.98729977693083
Texas,2014,49.645374499334125,29.15328850266876,11.41896485759126,12.484269237370848,38.60595810005766,43.50925702437984
Texas,2015,49.666704054905594,29.122343673929997,11.656535254833978,12.572980331565601,38.794659241151265,43.02248270939571
Texas,2016,49.67111560681383,29.05131621106837,11.922685281512575,12.674016223506545,39.02069222167005,42.51795797272658
Texas,2017,49.67299168810574,28.93928123633842,12.215694278156915,12.784305721843085,39.22896887719582,42.03965893917449
Texas,2018,49.66097649557212,28.820281769182582,12.540770926676823,12.8900967714303,39.439095037395155,41.606890501458814
Texas,2019,49.66016938610044,28.760365841079217,12.855899138069562,12.986713880810688,39.64335276264081,41.19085056457089
Texas,2020,49.92089616735594,28.46202111275837,12.913321416534467,13.23823017715352,39.28887995875812,41.09640364638037
Texas,2021,49.90456436841077,28.51677021087648,13.1538763232425,13.356661817757184,39.447668142718825,40.696859399147925
Texas,2022,49.8811549096086,28.556451567786823,13.430067977700052,13.500364703810689,39.6052087909336,40.17501520487217
Texas,2023,49.8834273706967,28.603818976837946,13.72986812148626,13.630606733349943,39.78484164713845,39.630281325945674
Utah,2014,50.293585431437684,31.137038185334713,10.013929695367466,1.295022643837803,13.391361819157636,79.61561119643935
Utah,2015,50.31602486370611,30.9373896058018,10.269785824362705,1.3081063109116224,13.559340212211584,79.32907810831519
Utah,2016,50.33560089362176,30.863817943454542,10.506099878426182,1.3497288815175934,13.749108562692639,78.96543013513056
Utah,2017,50.36113599309176,30.822899012095867,10.757876489428202,1.3962765100498142,13.975975821159064,78.55429606191639
Utah,2018,50.36186834679649,30.832355831872494,11.054107360245288,1.4276645221325241,14.174463171833503,78.22222884278513
Utah,2019,50.369812164202656,30.920717254227796,11.392955509846933,1.4646391018495135,14.33231680382895,77.93008204139187
Utah,2020,50.63739691630465,30.907660273411974,11.338399540557774,1.5007999434832469,15.107665023742516,77.07079393248806
Utah,2021,50.623666630331535,31.15380422869094,11.595599535708853,1.5229911561879732,15.335892364950091,76.7046169178782
Utah,2022,50.65683081571354,31.425490560256662,11.883553824696058,1.5648123940476204,15.652086988308417,76.22750970355219
Utah,2023,50.664826461041145,31.707880133445144,12.205045799351266,1.6116233738494568,16.003234891890358,75.70913944736483
Vermont,2014,49.34864222550036,25.915744622362723,16.889113351116283,1.1830082804186717,1.739031761582757,93.64608522070728
Vermont,2015,49.3728128345664,26.004218532781515,17.450983525351145,1.2407919336539845,1.791917674693597,93.34414598680111
Vermont,2016,49.38193303286854,25.998212586848098,18.090030526966554,1.2740924393704973,1.8642911369293012,93.13015122540304
Vermont,2017,49.380610814995876,25.929243743721326,18.701810177690472,1.3130026938310628,1.9455091084762899,92.82631508225462
Vermont,2018,49.367479617542834,25.871556108975323,19.35781255501743,1.3450661169458484,2.0100767923278093,92.68168155671717
Vermont,2019,49.404691320832114,25.86171532226791,19.970482945167504,1.3984546011031238,2.0700397086112243,92.49638648432969
Vermont,2020,49.73496584418978,25.44187912949345,20.17836923115209,1.4205146390931602,2.4299463710229325,92.10154665472146
Vermont,2021,49.697029638707264,25.462336943839603,20.774911797840495,1.461922783896596,2.505667655190212,91.92465379783123
Vermont,2022,49.6558544915084,25.26618349276012,21.44380399004806,1.535596730076803,2.5629336588833427,91.71114648205096
Vermont,2023,49.6453856893974,25.143482880901484,22.105167237097355,1.6132171055070244,2.6233118752548403,91.45419668120545
Virginia,2014,49.17389720074608,27.640470787439735,13.807475981398436,19.712991390703788,8.690061728617762,63.34266538230735
Virginia,2015,49.19683200190073,27.511481298095696,14.213170002329306,19.766596237760243,8.884403971028657,62.87846872522723
Virginia,2016,49.19642071166885,27.387426729856106,14.623949127850514,19.792611976904244,9.098132008561533,62.431312488484025
Virginia,2017,49.208766226368965,27.28159602200965,15.022374543014996,19.82746805546587,9.335827801427717,61.965413573421166
Virginia,2018,49.20558529512673,27.10690501144412,15.460267515145249,19.873468438194696,9.551270602943042,61.57354316572121
Virginia,2019,49.21070672350204,27.033326858830836,15.890334081991512,19.909410724440733,9.759693113256345,61.162264355573136
Virginia,2020,49.44795143514797,26.716943803386123,15.865189072422023,19.960431589290643,10.5361429344001,60.29326888955706
Virginia,2021,49.446354703542006,26.676668189842896,16.280690114339865,19.98754121932028,10.717473757552543,59.9348091355459
Virginia,2022,49.4175144217159,26.602830547272244,16.72524993665817,20.01772303784068,10.970804688366846,59.476035473267444
Virginia,2023,49.40511936049184,26.52770896834654,17.19746370284973,20.01415147702456,11.18461194961092,59.10507683951417
Washington,2014,49.93577782371767,27.710880759857805,13.96556387779239,4.0138541368079,12.082100666649568,70.42413274557349
Washington,2015,49.95893146179301,27.694481886939926,14.349836974576293,4.063001802495142,12.267166083903156,69.8440428016905
Washington,2016,49.99847259457961,27.721764540933847,14.69199629970626,4.124487788359417,12.507792849852212,69.2303150660668
Washington,2017,50.01915063790808,27.691297371240065,15.024493295661212,4.197092845658244,12.718325686316456,68.58505124764555
Washington,2018,50.03477576704979,27.663999793803285,15.425640109937925,4.278993722824581,12.903423808785494,67.96296908922565
Washington,2019,50.05865492412423,27.637724808852717,15.836829513539751,4.353926386362848,13.147962233898921,67.33063883171369
Washington,2020,50.376098799595994,27.41491237177597,15.791489127026685,4.43143342939914,13.791985206676985,66.39710243915322
Washington,2021,50.38399221436135,27.13982023741599,16.29880411029844,4.50252556600309,14.057707403784287,65.76070606049294
Washington,2022,50.35061443434158,27.31356261955684,16.693016113991987,4.586165518890993,14.361864001910469,64.90854812725377
Washington,2023,50.35277644095392,27.295977923633796,17.122482362457887,4.667254584736998,14.616633046968596,64.18505083912719
West Virginia,2014,49.40545313360377,24.61183560299562,17.798795937898017,3.5317245668764583,1.4470144047587525,92.58963054066074
West Virginia,2015,49.44887844403504,24.471554771468192,18.292418294696777,3.545102021773614,1.5023338172396508,92.45485891852363
West Virginia,2016,49.46478319831263,24.362392117592165,18.83995885256503,3.5530864669142423,1.5596733308412032,92.32338391266266
West Virginia,2017,49.49653128115235,24.21048637942951,19.40503100320397,3.5634577328759325,1.603468004044685,92.23064162363644
West Virginia,2018,49.499294832146795,24.085178296445147,19.94885802675928,3.5773356227986,1.6656579656281196,92.11048128052059
West Virginia,2019,49.52811927834529,24.092458876498878,20.4774453659436,3.6032603579531246,1.7352332220961497,91.95833702360045
West Virginia,2020,49.9440153341051,24.152722596259576,20.345821132620586,3.7106725862682954,1.946346260972269,91.5865596613458
West Virginia,2021,49.942445003470105,24.336325072860983,20.70293835761846,3.7411027817408105,2.0282324762540127,91.3744805346481
West Virginia,2022,49.92015377374178,24.444669919139137,21.078107252675398,3.7677385169965647,2.131130445566181,91.1394081852951
West Virginia,2023,49.920765890181805,24.60296790354737,21.50642544847071,3.8047061389062926,2.244147268668884,90.92945989172185
Wisconsin,2014,49.678048682133195,26.445860815869572,15.131007983558364,6.599910762690461,6.444240847570196,82.13393974378428
Wisconsin,2015,49.70586995115503,26.34980453509128,15.533755676585873,6.630588935101903,6.577438860495717,81.82364621311358
Wisconsin,2016,49.724163964004525,26.260421771134013,15.979789339534594,6.6598212693306,6.729377663341513,81.51202475424965
Wisconsin,2017,49.73398741651127,26.13451721490927,16.44123651618024,6.695721686330418,6.8743983192554925,81.20532760518591
Wisconsin,2018,49.757725475223516,26.02616588966796,16.90416725265044,6.726984694763706,7.065991728118218,80.9124615122702
Wisconsin,2019,49.76922803545869,25.960390970612305,17.42539077059792,6.739798107366006,7.181443609420144,80.67802645374834
Wisconsin,2020,50.09098309223803,25.743585395221057,17.519629623348653,6.652754930723964,7.6100022046229245,80.28887343768548
Wisconsin,2021,50.07244925066047,25.56155822351716,18.034506251554003,6.634361557135078,7.7658623892810486,80.06900706091076
Wisconsin,2022,50.067166982738264,25.71898719693583,18.55586148849096,6.624278950174882,7.913124477658512,79.8365447803369
Wisconsin,2023,50.068322293098156,25.839445571823845,19.11369651773698,6.637387697926984,8.091568959668953,79.51281984044878
Wyoming,2014,51.058973624688974,27.681301326053443,14.05825855384209,1.32965451960786,9.675920289320752,84.53149141143325
Wyoming,2015,51.10651802813491,27.452083855597564,14.537960295980994,1.2449073908275905,9.791281896488508,84.4287665696321
Wyoming,2016,51.08168743581726,27.10515119360676,15.108254178178978,1.2355551454694886,9.94561233538889,84.22945682391759
Wyoming,2017,51.014148422225055,26.692689924378527,15.854646772207989,1.2365645161846501,10.042517681217392,84.05845577712873
Wyoming,2018,50.96657651963375,26.38372241621679,16.577728502004994,1.2318367544305022,10.144304330856881,83.87559709457149
Wyoming,2019,50.97428790104048,26.111501837563523,17.223624240669107,1.226306462845362,10.259155065538616,83.73721807362665
Wyoming,2020,51.215585530689125,25.786270219366276,17.43903030135165,1.2135081985375582,10.282967261245291,83.66870706846888
Wyoming,2021,51.15227729195856,25.79009849054781,18.018524781381355,1.2076652839799291,10.464361882018402,83.46901378315515
Wyoming,2022,51.203430365404756,25.828320114712298,18.580572839387308,1.2205374903933606,10.632379059503567,83.24636495085355
Wyoming,2023,51.19791390223899,25.88206288084896,19.15309635874581,1.2067315347645864,10.752032763925438,83.07151528018669
