state,chr_release_year,pct_some_college
Alabama,2019,59.86474992
Alabama,2020,60.41190154
Alabama,2021,60.71414972
Alabama,2022,61.575283950000006
Alabama,2023,61.50082742000001
Alaska,2019,65.54229816
Alaska,2020,65.03281281
Alaska,2021,65.44041597
Alaska,2022,65.09722875
Alaska,2023,65.26696968
Arizona,2019,63.09454933000001
Arizona,2020,63.51478681
Arizona,2021,63.7805141
Arizona,2022,64.70232254
Arizona,2023,65.5658786
Arkansas,2019,57.33309676
Arkansas,2020,58.369821759999994
Arkansas,2021,58.53258166999999
Arkansas,2022,58.98405431
Arkansas,2023,59.03951996
California,2019,64.22137825
California,2020,64.99325422999999
California,2021,65.70344193
California,2022,66.85087178
California,2023,67.10978278
Colorado,2019,71.43266245999999
Colorado,2020,71.73302119
Colorado,2021,72.07888081
Colorado,2022,72.23843160999999
Colorado,2023,73.18305645
Connecticut,2019,68.65694903
Connecticut,2020,68.90460057
Connecticut,2021,69.18582173
Connecticut,2022,70.11841189
Connecticut,2023,70.15522752999999
Delaware,2019,62.193806939999995
Delaware,2020,61.74576071
Delaware,2021,61.75277899
Delaware,2022,62.1888749
Delaware,2023,63.252356850000005
Florida,2019,62.31001288
Florida,2020,62.78249908
Florida,2021,63.053667440000005
Florida,2022,63.557400490000006
Florida,2023,64.23483044
Georgia,2019,62.560554059999994
Georgia,2020,63.13372142
Georgia,2021,63.57380064
Georgia,2022,64.27208029
Georgia,2023,64.74663696
Hawaii,2019,68.59652881
Hawaii,2020,68.6093469
Hawaii,2021,68.85617155
Hawaii,2022,69.01520297
Hawaii,2023,69.30726243000001
Idaho,2019,64.89101698
Idaho,2020,64.5448406
Idaho,2021,64.60536262
Idaho,2022,65.82479501
Idaho,2023,65.63712002999999
Illinois,2019,68.66908223
Illinois,2020,69.16604932
Illinois,2021,69.58464294
Illinois,2022,70.58047117000001
Illinois,2023,70.743814
Indiana,2019,62.388359400000006
Indiana,2020,62.726506959999995
Indiana,2021,62.825315839999995
Indiana,2022,63.00064002
Indiana,2023,63.17362262
Iowa,2019,70.34127969000001
Iowa,2020,70.48185207
Iowa,2021,70.44483457
Iowa,2022,70.61631415000001
Iowa,2023,70.2751993
Kansas,2019,69.60254311
Kansas,2020,69.87477014
Kansas,2021,70.17594136999999
Kansas,2022,70.57291103
Kansas,2023,70.70093634
Kentucky,2019,61.22916508
Kentucky,2020,61.70676884
Kentucky,2021,62.234294170000005
Kentucky,2022,62.76940002
Kentucky,2023,62.633525459999994
Louisiana,2019,56.58410509
Louisiana,2020,56.70686444
Louisiana,2021,56.79243216
Louisiana,2022,57.80632403
Louisiana,2023,58.42950607
Maine,2019,66.89639934
Maine,2020,67.81046334
Maine,2021,68.33687395
Maine,2022,68.91440262
Maine,2023,69.70470243
Maryland,2019,69.04793987
Maryland,2020,69.54944705
Maryland,2021,69.83948536
Maryland,2022,70.59118845
Maryland,2023,70.82078709000001
Massachusetts,2019,72.671958
Massachusetts,2020,73.12244349
Massachusetts,2021,73.58579597
Massachusetts,2022,74.29551913
Massachusetts,2023,74.52944417
Michigan,2019,67.72345045
Michigan,2020,67.99857956000001
Michigan,2021,68.02890909
Michigan,2022,68.67267375
Michigan,2023,68.55194947
Minnesota,2019,74.5431662
Minnesota,2020,74.95092151
Minnesota,2021,75.25199289
Minnesota,2022,75.48983084999999
Minnesota,2023,75.57837195
Mississippi,2019,59.03281798
Mississippi,2020,59.708928930000006
Mississippi,2021,59.89163891
Mississippi,2022,60.77408164
Mississippi,2023,61.13623175
Missouri,2019,66.18312893
Missouri,2020,66.69073945000001
Missouri,2021,66.77060306
Missouri,2022,67.29913032
Missouri,2023,67.23123298
Montana,2019,67.84983319999999
Montana,2020,67.77805020999999
Montana,2021,68.40574201
Montana,2022,69.53980787
Montana,2023,69.40228544
Nebraska,2019,71.38913663000001
Nebraska,2020,71.89571202
Nebraska,2021,72.07489823
Nebraska,2022,72.42133670999999
Nebraska,2023,72.52293979
Nevada,2019,57.57771956
Nevada,2020,58.27645523
Nevada,2021,58.524706429999995
Nevada,2022,59.02270422
Nevada,2023,59.49873205
New Hampshire,2019,70.31709406
New Hampshire,2020,70.6325738
New Hampshire,2021,70.82323887999999
New Hampshire,2022,70.90355805
New Hampshire,2023,70.94679615
New Jersey,2019,68.28545615
New Jersey,2020,69.1647114
New Jersey,2021,69.90935968999999
New Jersey,2022,70.92291778
New Jersey,2023,71.36052796
New Mexico,2019,60.00722599
New Mexico,2020,59.98223192
New Mexico,2021,60.483960569999994
New Mexico,2022,62.13037803
New Mexico,2023,62.458150720000006
New York,2019,67.69037053
New York,2020,68.19969881
New York,2021,68.66904185
New York,2022,69.69079097000001
New York,2023,69.99544413999999
North Carolina,2019,66.53046414
North Carolina,2020,67.1055773
North Carolina,2021,67.44776574
North Carolina,2022,68.2271308
North Carolina,2023,68.67456965999999
North Dakota,2019,73.2444989
North Dakota,2020,73.44676967
North Dakota,2021,73.26015961
North Dakota,2022,73.47359736
North Dakota,2023,73.10365915
Ohio,2019,64.8976181
Ohio,2020,65.390161
Ohio,2021,65.53797988
Ohio,2022,65.86005798
Ohio,2023,65.80284968
Oklahoma,2019,59.647554189999994
Oklahoma,2020,59.67522027
Oklahoma,2021,59.52211729
Oklahoma,2022,59.7410192
Oklahoma,2023,60.15168684
Oregon,2019,69.06311666
Oregon,2020,69.58869487
Oregon,2021,69.94346059
Oregon,2022,70.18939404
Oregon,2023,70.61514354
Pennsylvania,2019,64.24062814
Pennsylvania,2020,64.96817863999999
Pennsylvania,2021,65.6274342
Pennsylvania,2022,66.6814533
Pennsylvania,2023,66.93180549
Rhode Island,2019,66.33717903
Rhode Island,2020,66.29213483000001
Rhode Island,2021,66.81361561
Rhode Island,2022,67.97544698
Rhode Island,2023,67.46360935999999
South Carolina,2019,62.08965333
South Carolina,2020,62.44825335
South Carolina,2021,63.17643034
South Carolina,2022,63.915555229999995
South Carolina,2023,64.4166901
South Dakota,2019,68.29337724
South Dakota,2020,68.18534588
South Dakota,2021,68.32394784
South Dakota,2022,68.50032565000001
South Dakota,2023,68.19404197
Tennessee,2019,60.20646137
Tennessee,2020,60.75808102
Tennessee,2021,61.42443425
Tennessee,2022,62.43361777999999
Tennessee,2023,62.96506774
Texas,2019,60.86459136
Texas,2020,61.4188542
Texas,2021,61.99235904
Texas,2022,63.056860179999994
Texas,2023,63.766120179999994
Utah,2019,70.32256609999999
Utah,2020,70.32716283
Utah,2021,70.7481925
Utah,2022,71.50098729999999
Utah,2023,71.59723543999999
Vermont,2019,67.48819476
Vermont,2020,68.3351469
Vermont,2021,68.72525123999999
Vermont,2022,70.48967828
Vermont,2023,70.58894175
Virginia,2019,70.37990358
Virginia,2020,70.67981800999999
Virginia,2021,71.12757639
Virginia,2022,71.80020406999999
Virginia,2023,71.97548114
Washington,2019,70.06775518
Washington,2020,70.71632483
Washington,2021,70.86172109
Washington,2022,71.65356674
Washington,2023,71.83789139
West Virginia,2019,54.659765660000005
West Virginia,2020,55.06161590999999
West Virginia,2021,55.695794590000006
West Virginia,2022,56.506730299999994
West Virginia,2023,56.17363247
Wisconsin,2019,68.8229195
Wisconsin,2020,69.25725014000001
Wisconsin,2021,69.62382964
Wisconsin,2022,69.98596104
Wisconsin,2023,69.98201342
Wyoming,2019,67.10320947
Wyoming,2020,66.87598736
Wyoming,2021,66.52755802
Wyoming,2022,67.2655098
Wyoming,2023,66.85526447
