state,year,veterans,veteran_pct
Alabama,2014,408467,10.745970001457465
Alabama,2015,396163,10.381967338561315
Alabama,2016,393785,10.279303330093846
Alabama,2017,379091,9.853859966333362
Alabama,2018,380216,9.839915300579682
Alabama,2019,373477,9.622739611954266
Alabama,2020,367601,9.266552826517797
Alabama,2021,361103,9.055134301245841
Alabama,2022,348487,8.688483677133377
Alabama,2023,342998,8.480571836178132
Alaska,2014,78207,13.964413573909239
Alaska,2015,74263,13.217208373526784
Alaska,2016,74886,13.246633328675212
Alaska,2017,74017,13.095602480515918
Alaska,2018,73728,13.094652413065525
Alaska,2019,73580,13.080912143843811
Alaska,2020,72406,12.876779080169092
Alaska,2021,70097,12.39457091023542
Alaska,2022,72136,12.7554908766836
Alaska,2023,71006,12.513040658658998
Arizona,2014,533166,10.255107251757973
Arizona,2015,527925,9.970910269456803
Arizona,2016,527692,9.769888513828759
Arizona,2017,508040,9.229018035314928
Arizona,2018,528026,9.39451422967531
Arizona,2019,519616,9.04702392373155
Arizona,2020,506793,8.92406480918649
Arizona,2021,487876,8.455389948006932
Arizona,2022,483619,8.242537183699097
Arizona,2023,473375,7.960468653200533
Arkansas,2014,243988,10.603291788693815
Arkansas,2015,241384,10.43699038470685
Arkansas,2016,233133,10.025664821219234
Arkansas,2017,225181,9.628645842464286
Arkansas,2018,218921,9.320951437775312
Arkansas,2019,219976,9.324367399811457
Arkansas,2020,214254,9.123947092741009
Arkansas,2021,208863,8.834236722505493
Arkansas,2022,207308,8.705694219776491
Arkansas,2023,203084,8.445758240149582
California,2014,1901647,6.34359794805557
California,2015,1870213,6.171382000478739
California,2016,1821578,5.95774781984058
California,2017,1777168,5.768352777152238
California,2018,1758511,5.6770489886393225
California,2019,1705601,5.492453773538303
California,2020,1646015,5.2905167932843575
California,2021,1596326,5.162055773094431
California,2022,1512478,4.883562866817411
California,2023,1474935,4.7521204090238465
Colorado,2014,419520,10.056681501262718
Colorado,2015,421359,9.882500783359383
Colorado,2016,417525,9.600763232221313
Colorado,2017,411504,9.300172757787434
Colorado,2018,405706,9.005976443626462
Colorado,2019,399213,8.730192053597085
Colorado,2020,388091,8.437377164940743
Colorado,2021,381258,8.213223518645618
Colorado,2022,373444,7.966043991955543
Colorado,2023,368109,7.77073575732423
Connecticut,2014,215472,7.502462555061478
Connecticut,2015,207101,7.204482829514791
Connecticut,2016,196486,6.8316057816539715
Connecticut,2017,190199,6.60459518341217
Connecticut,2018,189656,6.572582196264646
Connecticut,2019,183955,6.377109727679336
Connecticut,2020,175038,6.066735546714294
Connecticut,2021,168996,5.791137841595266
Connecticut,2022,157580,5.383842186937333
Connecticut,2023,152198,5.175698924072996
Delaware,2014,75775,10.226901576110281
Delaware,2015,76409,10.190108490534584
Delaware,2016,75068,9.909980079181622
Delaware,2017,73843,9.643427090869675
Delaware,2018,73043,9.430865966869375
Delaware,2019,74166,9.459719726180106
Delaware,2020,71009,8.943987505195672
Delaware,2021,69291,8.582469917198754
Delaware,2022,64671,7.881699554307568
Delaware,2023,63390,7.612357020625057
Florida,2014,1671054,10.420397377836325
Florida,2015,1657913,10.137220409288823
Florida,2016,1630866,9.761827746267874
Florida,2017,1621562,9.525940025705838
Florida,2018,1592513,9.217823287116673
Florida,2019,1561061,8.919882189016974
Florida,2020,1503900,8.565032683125912
Florida,2021,1461197,8.208673538664073
Florida,2022,1448174,7.974684959321053
Florida,2023,1412962,7.640128483056843
Georgia,2014,750086,9.71595740753574
Georgia,2015,738690,9.440624861015046
Georgia,2016,727878,9.167159945894616
Georgia,2017,731226,9.081519888343006
Georgia,2018,716061,8.777963891807817
Georgia,2019,715668,8.656402619462064
Georgia,2020,698336,8.37943102720673
Georgia,2021,679057,8.078710731719852
Georgia,2022,672179,7.88379333729451
Georgia,2023,662381,7.660130697790387
Hawaii,2014,121123,10.786364563324241
Hawaii,2015,122677,10.854594601768737
Hawaii,2016,118167,10.393305615975331
Hawaii,2017,123173,10.84321864174762
Hawaii,2018,118872,10.469973867342635
Hawaii,2019,115893,10.246768403741756
Hawaii,2020,115905,9.984949995563394
Hawaii,2021,114140,9.82753172594842
Hawaii,2022,112403,9.707060143304854
Hawaii,2023,111344,9.62213686034403
Idaho,2014,132270,10.802603993541469
Idaho,2015,126181,10.154856716091192
Idaho,2016,127823,10.05919534621644
Idaho,2017,127741,9.811249745580787
Idaho,2018,130967,9.82891871162191
Idaho,2019,130112,9.523189132415746
Idaho,2020,127658,9.003587808925724
Idaho,2021,122672,8.363410759696476
Idaho,2022,123796,8.257321939906365
Idaho,2023,122284,8.01111614100623
Illinois,2014,711814,7.071562446787986
Illinois,2015,690528,6.8582584086982825
Illinois,2016,671934,6.6787512251792185
Illinois,2017,664332,6.6068009079811345
Illinois,2018,636705,6.343894784038261
Illinois,2019,621258,6.20356064318088
Illinois,2020,615271,6.096404220262081
Illinois,2021,600345,5.973201112247468
Illinois,2022,633066,6.330893609974208
Illinois,2023,621229,6.204124751414663
Indiana,2014,477447,9.355140774738668
Indiana,2015,453907,8.860011824878583
Indiana,2016,452275,8.777851033012018
Indiana,2017,442308,8.536551237777541
Indiana,2018,433785,8.312441326564342
Indiana,2019,422948,8.05415188303705
Indiana,2020,409294,7.753828899870325
Indiana,2021,398655,7.505023681050754
Indiana,2022,378687,7.099139787929586
Indiana,2023,371365,6.91521968412679
Iowa,2014,228867,9.44733188940446
Iowa,2015,227947,9.366885538398572
Iowa,2016,219461,8.983280351896076
Iowa,2017,210365,8.57302609298798
Iowa,2018,213951,8.692940528294281
Iowa,2019,200461,8.10841092765324
Iowa,2020,194389,7.802669595241708
Iowa,2021,188606,7.533184298723194
Iowa,2022,185254,7.382643411476744
Iowa,2023,181635,7.204576086844424
Kansas,2014,218317,9.841963803507848
Kansas,2015,212002,9.510611858544442
Kansas,2016,205668,9.200949675008758
Kansas,2017,204229,9.121083727429975
Kansas,2018,207508,9.238796999176332
Kansas,2019,205167,9.117382517051182
Kansas,2020,194432,8.57797570150028
Kansas,2021,185728,8.166761498799135
Kansas,2022,184213,8.085361700035815
Kansas,2023,181272,7.922931579092293
Kentucky,2014,320421,9.264369384711554
Kentucky,2015,317543,9.142174235745754
Kentucky,2016,316699,9.085964049076411
Kentucky,2017,306365,8.74393470069009
Kentucky,2018,298408,8.49189279329682
Kentucky,2019,291588,8.273142984576877
Kentucky,2020,285676,8.068949699980454
Kentucky,2021,279893,7.895877876291435
Kentucky,2022,267897,7.542661280036895
Kentucky,2023,262161,7.344484303802078
Louisiana,2014,316388,8.807609350450363
Louisiana,2015,304741,8.435687986312052
Louisiana,2016,298914,8.239486876840463
Louisiana,2017,297086,8.187356263236873
Louisiana,2018,302186,8.330774070077682
Louisiana,2019,293798,8.09850361347878
Louisiana,2020,282959,7.841475053845207
Louisiana,2021,276139,7.6785048911925164
Louisiana,2022,262995,7.363050947961838
Louisiana,2023,257383,7.21227052452418
Maine,2014,128863,11.84584398524406
Maine,2015,124931,11.474402542295046
Maine,2016,121054,11.067784166597333
Maine,2017,120994,11.01041491302706
Maine,2018,116361,10.527187159040945
Maine,2019,114691,10.31963692182554
Maine,2020,113082,10.041468720863117
Maine,2021,111163,9.73206891057349
Maine,2022,109984,9.52973449763195
Maine,2023,106833,9.189492807228211
Maryland,2014,425527,9.073770726013393
Maryland,2015,414620,8.787891183771036
Maryland,2016,409615,8.646949697536723
Maryland,2017,403663,8.478211603381599
Maryland,2018,401539,8.404225104194945
Maryland,2019,386904,8.074455350330489
Maryland,2020,379383,7.799683475730878
Maryland,2021,372500,7.634434188000555
Maryland,2022,365490,7.4943406440183065
Maryland,2023,360099,7.350673840857163
Massachusetts,2014,376098,6.892411288367303
Massachusetts,2015,367165,6.680539690591659
Massachusetts,2016,357035,6.452594077099314
Massachusetts,2017,344717,6.183456455240674
Massachusetts,2018,340236,6.07150230940721
Massachusetts,2019,327999,5.832548100441763
Massachusetts,2020,311197,5.464260285313693
Massachusetts,2021,298807,5.231689428418053
Massachusetts,2022,282888,4.9487782349483584
Massachusetts,2023,273934,4.769442861018031
Michigan,2014,655019,8.358075069925073
Michigan,2015,642902,8.179890357492797
Michigan,2016,630606,7.989486311071604
Michigan,2017,618046,7.79386975798809
Michigan,2018,603795,7.589344913946699
Michigan,2019,594266,7.458270889906837
Michigan,2020,559646,6.977439761878906
Michigan,2021,542369,6.7679977698272555
Michigan,2022,519927,6.475285967604577
Michigan,2023,499734,6.2036857838997435
Minnesota,2014,364076,8.584847511644895
Minnesota,2015,361235,8.461334137847357
Minnesota,2016,352634,8.193652692328962
Minnesota,2017,342844,7.895714407115548
Minnesota,2018,334812,7.646899485245987
Minnesota,2019,322421,7.313823814563996
Minnesota,2020,313634,7.039686193318545
Minnesota,2021,305276,6.820176261686586
Minnesota,2022,305876,6.825037513875951
Minnesota,2023,295703,6.549570018556557
Mississippi,2014,213020,9.258430247972246
Mississippi,2015,206241,8.949544497124304
Mississippi,2016,203066,8.79069787576677
Mississippi,2017,198735,8.572752248818812
Mississippi,2018,193350,8.346975144275103
Mississippi,2019,193516,8.34958527349858
Mississippi,2020,191660,8.334641555185147
Mississippi,2021,187405,8.155649507910638
Mississippi,2022,187302,8.16353748932715
Mississippi,2023,182437,7.924790572106833
Missouri,2014,482668,10.174165350106607
Missouri,2015,478117,10.035480806487294
Missouri,2016,475089,9.931365173108894
Missouri,2017,454324,9.44960173582281
Missouri,2018,440514,9.127610506882268
Missouri,2019,435737,8.997082855332916
Missouri,2020,425126,8.782464571192593
Missouri,2021,417236,8.578268507065975
Missouri,2022,401716,8.237018191048971
Missouri,2023,391556,7.983753397452497
Montana,2014,100037,12.354075151682805
Montana,2015,92380,11.301232027579019
Montana,2016,94511,11.432570202326893
Montana,2017,96059,11.476020887865708
Montana,2018,91382,10.80809371067397
Montana,2019,91386,10.70224008544366
Montana,2020,91726,10.587417817832607
Montana,2021,88982,10.057804513589826
Montana,2022,91034,10.113057301844222
Montana,2023,88542,9.714389786845604
Nebraska,2014,148180,10.310504983735454
Nebraska,2015,138623,9.585810928085845
Nebraska,2016,140683,9.651402984132604
Nebraska,2017,134449,9.16615023599007
Nebraska,2018,132593,8.990824941566723
Nebraska,2019,133136,8.981154120398571
Nebraska,2020,126532,8.422226925939091
Nebraska,2021,121547,8.066056360927602
Nebraska,2022,123348,8.149926725453687
Nebraska,2023,120419,7.8937708047360395
Nevada,2014,230307,10.493345380038464
Nevada,2015,222806,9.960058024269165
Nevada,2016,224120,9.824925026423227
Nevada,2017,216167,9.28531665100264
Nevada,2018,233107,9.793810967898608
Nevada,2019,226797,9.317737830392742
Nevada,2020,220528,8.973106477516168
Nevada,2021,214133,8.59513135358678
Nevada,2022,211554,8.382041098365384
Nevada,2023,208681,8.185565263370124
New Hampshire,2014,114934,10.606632490621582
New Hampshire,2015,115165,10.570804148465804
New Hampshire,2016,109607,9.984777830107467
New Hampshire,2017,108747,9.828025149593447
New Hampshire,2018,105511,9.477217527521486
New Hampshire,2019,103279,9.211412344018544
New Hampshire,2020,101029,8.892348965879025
New Hampshire,2021,96398,8.406924519251733
New Hampshire,2022,96226,8.295223259659126
New Hampshire,2023,92892,7.965111692659119
New Jersey,2014,415519,5.947243846887873
New Jersey,2015,399156,5.6997670862997305
New Jersey,2016,388891,5.54129708394782
New Jersey,2017,386332,5.486426656684081
New Jersey,2018,365075,5.176125072592646
New Jersey,2019,356539,5.049770561542463
New Jersey,2020,342829,4.6689436509712365
New Jersey,2021,331723,4.506912474953521
New Jersey,2022,318312,4.322839130445411
New Jersey,2023,307611,4.155969189102941
New Mexico,2014,170308,10.551443460116117
New Mexico,2015,169296,10.460443389931045
New Mexico,2016,160598,9.878102937757335
New Mexico,2017,163196,9.998272315012112
New Mexico,2018,158814,9.686680585467967
New Mexico,2019,154478,9.361661898306359
New Mexico,2020,151764,9.086369726949094
New Mexico,2021,149107,8.889253212589836
New Mexico,2022,156686,9.316177825872392
New Mexico,2023,153410,9.06791567979222
New York,2014,892614,5.6887012540566255
New York,2015,856805,5.451699421212077
New York,2016,832529,5.294693991974986
New York,2017,818572,5.207278199479674
New York,2018,788576,5.021508899185651
New York,2019,775727,4.953753274634964
New York,2020,756608,4.689701082754126
New York,2021,733362,4.588658106484159
New York,2022,685315,4.315585370555078
New York,2023,662406,4.180738029905639
North Carolina,2014,771922,9.923792485387281
North Carolina,2015,755918,9.595724818581775
North Carolina,2016,750072,9.379224935239542
North Carolina,2017,743888,9.174552028837097
North Carolina,2018,727470,8.847188703540919
North Carolina,2019,722184,8.670696993247343
North Carolina,2020,710453,8.590888605744993
North Carolina,2021,695422,8.292410180620724
North Carolina,2022,697240,8.198079252724218
North Carolina,2023,688933,7.973918468303196
North Dakota,2014,59264,10.24269008880086
North Dakota,2015,58963,9.992492454323449
North Dakota,2016,59227,10.054101034998464
North Dakota,2017,55698,9.459434213811269
North Dakota,2018,57217,9.694920998009065
North Dakota,2019,53777,9.087114773046027
North Dakota,2020,53283,8.845310406765087
North Dakota,2021,52440,8.7037055478654
North Dakota,2022,48031,7.948165076129028
North Dakota,2023,48505,7.961114375469822
Ohio,2014,876457,9.613244531040403
Ohio,2015,857788,9.379455795880592
Ohio,2016,834749,9.09786161032398
Ohio,2017,825222,8.95675766201862
Ohio,2018,789440,8.544111312418963
Ohio,2019,778140,8.39880905159643
Ohio,2020,735276,7.8891106547993175
Ohio,2021,715843,7.690313623048155
Ohio,2022,689469,7.396852714906471
Ohio,2023,669181,7.146827036962278
Oklahoma,2014,319140,10.7274959226507
Oklahoma,2015,314309,10.472180880004505
Oklahoma,2016,313941,10.402169094185155
Oklahoma,2017,300848,9.935866420907699
Oklahoma,2018,306962,10.096441172397846
Oklahoma,2019,305527,9.986565905510266
Oklahoma,2020,293842,9.613968296761524
Oklahoma,2021,285083,9.245414393416327
Oklahoma,2022,284028,9.135100608067557
Oklahoma,2023,282482,8.98471070568665
Oregon,2014,340913,10.807668872501
Oregon,2015,332203,10.368742487645484
Oregon,2016,329957,10.083597807601274
Oregon,2017,320110,9.626540393818757
Oregon,2018,314478,9.346732144932334
Oregon,2019,298556,8.781030414313365
Oregon,2020,289005,8.443417228480175
Oregon,2021,284576,8.257239040826002
Oregon,2022,275349,7.994860739095403
Oregon,2023,265757,7.696734353668009
Pennsylvania,2014,919067,8.966515190110899
Pennsylvania,2015,892787,8.701862613639763
Pennsylvania,2016,881103,8.577828020731578
Pennsylvania,2017,843432,8.19602069819984
Pennsylvania,2018,837442,8.119156953058619
Pennsylvania,2019,803882,7.792183370396872
Pennsylvania,2020,781444,7.475478625151876
Pennsylvania,2021,759148,7.232831376784489
Pennsylvania,2022,714354,6.8172331359478555
Pennsylvania,2023,688201,6.558843327454018
Rhode Island,2014,75676,8.827835281244642
Rhode Island,2015,70169,8.166592956402319
Rhode Island,2016,66754,7.747480913904241
Rhode Island,2017,64018,7.423590407243387
Rhode Island,2018,65828,7.602764011489381
Rhode Island,2019,66334,7.654591381632166
Rhode Island,2020,62909,7.007048371790473
Rhode Island,2021,61192,6.78812942617277
Rhode Island,2022,57268,6.357036609462069
Rhode Island,2023,55003,6.07824372648953
South Carolina,2014,411759,10.827548467833482
South Carolina,2015,415414,10.74954178840574
South Carolina,2016,406377,10.351357278824647
South Carolina,2017,410064,10.285810606075808
South Carolina,2018,405702,10.025472531773945
South Carolina,2019,399078,9.718264379611316
South Carolina,2020,396873,9.734714061032887
South Carolina,2021,390315,9.43614720210735
South Carolina,2022,398079,9.445800525775155
South Carolina,2023,390389,9.082643449435773
South Dakota,2014,73180,11.244362837365458
South Dakota,2015,69609,10.641723002412423
South Dakota,2016,69562,10.52230328351165
South Dakota,2017,69076,10.324582538667114
South Dakota,2018,69214,10.271730258373774
South Dakota,2019,67124,9.86398156638687
South Dakota,2020,67966,9.990665814095356
South Dakota,2021,66959,9.723932616903863
South Dakota,2022,63201,9.019282692955366
South Dakota,2023,64099,9.02768486268832
Tennessee,2014,524213,10.2135379211543
Tennessee,2015,509469,9.835086736457884
Tennessee,2016,491245,9.3867185895225
Tennessee,2017,493393,9.317923603273671
Tennessee,2018,475751,8.884345209727996
Tennessee,2019,466673,8.6344718716777
Tennessee,2020,455827,8.347984478576729
Tennessee,2021,445362,8.10023909930169
Tennessee,2022,443687,7.958329917865548
Tennessee,2023,434646,7.694077886416557
Texas,2014,1670110,8.266156264311697
Texas,2015,1641357,7.961067063149252
Texas,2016,1648077,7.850883811967161
Texas,2017,1619499,7.589578047786862
Texas,2018,1612254,7.444929248065628
Texas,2019,1585810,7.211330111401569
Texas,2020,1584987,7.140702364344239
Texas,2021,1555332,6.902100075951271
Texas,2022,1560824,6.801222004978829
Texas,2023,1538426,6.578117286054242
Utah,2014,149168,7.171769475266752
Utah,2015,142102,6.70563208540807
Utah,2016,142647,6.56999762342091
Utah,2017,145299,6.527927411463533
Utah,2018,137603,6.046987053313839
Utah,2019,137178,5.901316910242578
Utah,2020,134905,5.647999095683774
Utah,2021,130590,5.337807734282713
Utah,2022,132594,5.314128928365026
Utah,2023,129785,5.10571587616618
Vermont,2014,48921,9.556375996249415
Vermont,2015,46620,9.0803382046173
Vermont,2016,45302,8.817461306094485
Vermont,2017,46681,9.056973506785795
Vermont,2018,43413,8.407229601628268
Vermont,2019,42913,8.305447226066171
Vermont,2020,41042,7.718070952394385
Vermont,2021,39404,7.335794484563816
Vermont,2022,38442,7.141729196894513
Vermont,2023,38592,7.144033957856271
Virginia,2014,770356,11.754608232876606
Virginia,2015,759988,11.509298751584826
Virginia,2016,753414,11.328140388144737
Virginia,2017,743618,11.089391514941832
Virginia,2018,752859,11.15763714348341
Virginia,2019,743057,10.93857877689867
Virginia,2020,715644,10.4654223582429
Virginia,2021,696956,10.141623545068976
Virginia,2022,693939,10.055786991015074
Virginia,2023,685503,9.869072319899937
Washington,2014,599824,10.818438585543047
Washington,2015,603182,10.690826670863721
Washington,2016,594818,10.334229588081874
Washington,2017,577913,9.847150243617344
Washington,2018,573669,9.624164215199016
Washington,2019,565770,9.363250322344253
Washington,2020,551603,9.012007667026753
Washington,2021,534577,8.686887760126282
Washington,2022,519941,8.36872740991974
Washington,2023,509859,8.143860346880638
West Virginia,2014,151761,10.173285246956615
West Virginia,2015,152054,10.22667582256831
West Virginia,2016,151429,10.233652944213619
West Virginia,2017,142432,9.681921103273508
West Virginia,2018,141043,9.646129183160394
West Virginia,2019,138555,9.516296971928108
West Virginia,2020,135380,9.330432247539717
West Virginia,2021,131609,9.085863129037358
West Virginia,2022,129663,9.0007996823484
West Virginia,2023,123919,8.607990797322277
Wisconsin,2014,419383,9.26646565678572
Wisconsin,2015,401861,8.846894898639396
Wisconsin,2016,388678,8.520928976327927
Wisconsin,2017,379640,8.278897033889526
Wisconsin,2018,377600,8.193560720555965
Wisconsin,2019,363593,7.852095292928097
Wisconsin,2020,353229,7.543166776573172
Wisconsin,2021,343610,7.339247706284849
Wisconsin,2022,337254,7.165181772503662
Wisconsin,2023,327195,6.903701596864085
Wyoming,2014,49607,10.976117038459666
Wyoming,2015,49526,10.90926712791945
Wyoming,2016,49320,10.875293546928921
Wyoming,2017,48163,10.677026757409829
Wyoming,2018,49779,11.023833040273896
Wyoming,2019,47053,10.370104267450087
Wyoming,2020,48207,10.680340835072514
Wyoming,2021,47187,10.376196779854078
Wyoming,2022,44874,9.78745215219691
Wyoming,2023,45445,9.822462953676967
