state,year,top1_income_share,top10_income_share,bottom90_income_share
Alabama,2014,15.879999999999994,45.97,54.080000000000005
Alabama,2015,16.379999999999995,46.160000000000004,53.839999999999996
Alabama,2016,17.06,47.910000000000004,52.09
Alabama,2017,17.089999999999993,47.72,52.11
Alabama,2018,17.03,47.56,52.36000000000001
Alaska,2014,11.39,34.03,66.0
Alaska,2015,11.629999999999995,34.52,65.47
Alaska,2016,11.019999999999996,33.629999999999995,66.34
Alaska,2017,10.799999999999999,34.08,65.74
Alaska,2018,11.080000000000002,35.14,64.78
Arizona,2014,17.64,48.38,51.650000000000006
Arizona,2015,18.259999999999998,49.17,50.82
Arizona,2016,18.04,49.1,50.88
Arizona,2017,19.379999999999995,51.06,48.809999999999995
Arizona,2018,19.709999999999994,50.82,49.13
Arkansas,2014,18.459999999999997,46.62,53.46000000000001
Arkansas,2015,18.44,46.410000000000004,53.66000000000001
Arkansas,2016,19.759999999999998,47.99,52.12
Arkansas,2017,22.859999999999992,51.470000000000006,48.69
Arkansas,2018,21.419999999999995,49.419999999999995,50.67
California,2014,23.639999999999993,51.7,48.29
California,2015,23.86999999999999,51.86000000000001,48.14000000000001
California,2016,23.099999999999998,51.42,48.6
California,2017,23.55999999999999,52.43,47.599999999999994
California,2018,23.909999999999997,52.92,47.099999999999994
Colorado,2014,18.04,44.42,55.57
Colorado,2015,17.86,44.78,55.2
Colorado,2016,18.869999999999997,47.410000000000004,52.580000000000005
Colorado,2017,18.54,47.08,52.82
Colorado,2018,19.36,47.64,52.33
Connecticut,2014,29.330000000000002,55.92,44.03
Connecticut,2015,28.359999999999996,55.26,44.72
Connecticut,2016,25.539999999999996,52.739999999999995,47.24
Connecticut,2017,28.439999999999998,56.53,43.61
Connecticut,2018,26.649999999999995,54.35,45.69
Delaware,2014,14.979999999999993,44.01,56.02
Delaware,2015,15.52,44.45,55.55
Delaware,2016,15.279999999999994,46.07,53.900000000000006
Delaware,2017,15.83,45.4,54.43
Delaware,2018,16.34,45.97,53.970000000000006
Florida,2014,28.669999999999995,59.160000000000004,40.81
Florida,2015,29.679999999999996,59.99,40.03
Florida,2016,25.369999999999994,55.1,44.92
Florida,2017,34.64999999999999,66.87,33.379999999999995
Florida,2018,31.929999999999993,62.91,37.18
Georgia,2014,18.979999999999997,48.9,51.11
Georgia,2015,18.689999999999994,48.35,51.629999999999995
Georgia,2016,17.91999999999999,48.04,51.93
Georgia,2017,20.399999999999995,51.01,48.9
Georgia,2018,19.759999999999998,49.43,50.540000000000006
Hawaii,2014,12.129999999999995,36.97,63.080000000000005
Hawaii,2015,12.5,37.230000000000004,62.79
Hawaii,2016,12.969999999999992,38.36,61.650000000000006
Hawaii,2017,13.649999999999995,39.51,60.36
Hawaii,2018,12.4,37.39,62.550000000000004
Idaho,2014,15.069999999999995,41.099999999999994,58.93000000000001
Idaho,2015,15.399999999999991,41.47,58.540000000000006
Idaho,2016,16.63,43.47,56.53
Idaho,2017,15.699999999999992,42.78,57.08
Idaho,2018,17.259999999999998,44.82,55.14
Illinois,2014,21.060000000000002,48.370000000000005,51.61
Illinois,2015,21.560000000000002,48.870000000000005,51.12
Illinois,2016,20.309999999999995,48.16,51.82
Illinois,2017,20.279999999999998,48.65,51.300000000000004
Illinois,2018,22.4,50.38,49.63
Indiana,2014,14.81,41.64,58.39
Indiana,2015,15.229999999999999,42.05,57.95
Indiana,2016,15.749999999999996,43.09,56.910000000000004
Indiana,2017,15.149999999999997,41.99,57.86
Indiana,2018,15.379999999999994,42.059999999999995,57.879999999999995
Iowa,2014,13.449999999999996,39.0,61.040000000000006
Iowa,2015,13.309999999999999,38.71,61.3
Iowa,2016,13.089999999999991,38.78,61.21
Iowa,2017,13.789999999999992,40.129999999999995,59.699999999999996
Iowa,2018,13.789999999999992,38.31,61.64000000000001
Kansas,2014,16.969999999999995,41.71,58.31000000000001
Kansas,2015,16.12,41.199999999999996,58.80000000000001
Kansas,2016,15.70999999999999,41.58,58.410000000000004
Kansas,2017,15.569999999999995,41.79,58.08
Kansas,2018,17.299999999999994,42.41,57.58
Kentucky,2014,15.639999999999999,45.129999999999995,54.93
Kentucky,2015,15.979999999999993,45.42,54.6
Kentucky,2016,16.23,46.39,53.61
Kentucky,2017,15.54,45.5,54.300000000000004
Kentucky,2018,17.819999999999993,47.5,52.470000000000006
Louisiana,2014,18.04,45.72,54.31
Louisiana,2015,16.04,44.05,55.95
Louisiana,2016,17.409999999999993,47.02,52.96000000000001
Louisiana,2017,16.70999999999999,45.94,53.89000000000001
Louisiana,2018,16.989999999999995,45.75,54.18000000000001
Maine,2014,13.649999999999995,42.75,57.300000000000004
Maine,2015,13.569999999999993,42.54,57.46
Maine,2016,14.849999999999996,44.15,55.83
Maine,2017,14.389999999999992,43.830000000000005,55.96
Maine,2018,14.489999999999991,43.8,56.120000000000005
Maryland,2014,15.59999999999999,42.6,57.42
Maryland,2015,15.439999999999998,42.19,57.800000000000004
Maryland,2016,15.369999999999994,42.19,57.790000000000006
Maryland,2017,15.43,42.86,56.99000000000001
Maryland,2018,15.739999999999998,43.15,56.790000000000006
Massachusetts,2014,25.569999999999993,54.54,45.440000000000005
Massachusetts,2015,24.97999999999999,53.910000000000004,46.089999999999996
Massachusetts,2016,23.880000000000003,53.449999999999996,46.54
Massachusetts,2017,25.939999999999998,55.75,44.32
Massachusetts,2018,25.619999999999997,55.470000000000006,44.55
Michigan,2014,18.209999999999994,48.55,51.480000000000004
Michigan,2015,18.209999999999994,48.05,51.96000000000001
Michigan,2016,19.499999999999996,50.34,49.669999999999995
Michigan,2017,18.86,49.669999999999995,50.2
Michigan,2018,20.119999999999994,50.519999999999996,49.44
Minnesota,2014,17.769999999999996,44.56,55.44
Minnesota,2015,17.61999999999999,44.5,55.480000000000004
Minnesota,2016,17.489999999999995,44.36,55.63
Minnesota,2017,17.36,44.7,55.2
Minnesota,2018,17.71999999999999,45.43,54.54
Mississippi,2014,14.629999999999999,44.5,55.55
Mississippi,2015,14.739999999999998,45.17,54.84
Mississippi,2016,15.669999999999995,46.83,53.17000000000001
Mississippi,2017,14.69999999999999,45.4,54.36
Mississippi,2018,15.079999999999993,45.68,54.22
Missouri,2014,17.86,45.47,54.57000000000001
Missouri,2015,17.97,45.89,54.120000000000005
Missouri,2016,17.779999999999994,45.89,54.11
Missouri,2017,17.00999999999999,44.97,54.910000000000004
Missouri,2018,19.129999999999992,47.48,52.49
Montana,2014,16.849999999999998,44.45,55.57
Montana,2015,15.749999999999996,42.55,57.45
Montana,2016,15.479999999999993,42.9,57.09000000000001
Montana,2017,16.279999999999994,43.94,55.94
Montana,2018,16.579999999999995,44.5,55.45
Nebraska,2014,15.949999999999998,39.26,60.77
Nebraska,2015,13.789999999999992,36.6,63.39
Nebraska,2016,14.159999999999995,37.86,62.13000000000001
Nebraska,2017,14.439999999999998,39.0,60.88
Nebraska,2018,14.719999999999999,38.2,61.77
Nevada,2014,24.91,52.410000000000004,47.61
Nevada,2015,25.259999999999994,52.31,47.75
Nevada,2016,28.799999999999994,56.300000000000004,43.85
Nevada,2017,26.729999999999997,54.470000000000006,45.67
Nevada,2018,31.16,59.02,41.11
New Hampshire,2014,16.379999999999995,42.65,57.37
New Hampshire,2015,16.489999999999995,43.19,56.82000000000001
New Hampshire,2016,17.349999999999998,44.1,55.92
New Hampshire,2017,17.499999999999993,45.08,54.85
New Hampshire,2018,17.909999999999993,46.07,53.89000000000001
New Jersey,2014,20.619999999999994,49.99,49.99
New Jersey,2015,20.38,49.86,50.11
New Jersey,2016,20.039999999999992,50.019999999999996,49.95
New Jersey,2017,20.919999999999995,50.970000000000006,48.949999999999996
New Jersey,2018,19.66,49.65,50.3
New Mexico,2014,14.71,44.89,55.18000000000001
New Mexico,2015,13.989999999999991,44.25,55.769999999999996
New Mexico,2016,14.11,44.42,55.59
New Mexico,2017,15.049999999999997,46.21,53.6
New Mexico,2018,15.32,46.58,53.339999999999996
New York,2014,33.099999999999994,61.01,38.95
New York,2015,32.22999999999999,59.75,40.26
New York,2016,29.220000000000002,56.82000000000001,43.2
New York,2017,31.309999999999995,58.86,41.4
New York,2018,29.73,57.10000000000001,42.980000000000004
North Carolina,2014,16.759999999999998,46.400000000000006,53.620000000000005
North Carolina,2015,17.75,47.55,52.45000000000001
North Carolina,2016,17.43,47.949999999999996,52.03
North Carolina,2017,17.379999999999995,47.97,51.88
North Carolina,2018,18.64,50.06,49.88
North Dakota,2014,18.52999999999999,42.69,57.269999999999996
North Dakota,2015,15.039999999999997,38.65,61.32000000000001
North Dakota,2016,14.769999999999994,40.14,59.85
North Dakota,2017,14.21,38.269999999999996,61.620000000000005
North Dakota,2018,14.469999999999994,39.08,60.870000000000005
Ohio,2014,16.23,43.62,56.400000000000006
Ohio,2015,16.02,43.22,56.769999999999996
Ohio,2016,15.920000000000002,43.55,56.43
Ohio,2017,15.669999999999995,43.6,56.24
Ohio,2018,16.779999999999994,44.41,55.54
Oklahoma,2014,16.799999999999994,41.22,58.78
Oklahoma,2015,16.499999999999993,42.03,57.97
Oklahoma,2016,16.02,43.309999999999995,56.68000000000001
Oklahoma,2017,16.259999999999998,43.21,56.66
Oklahoma,2018,16.12,42.69,57.26
Oregon,2014,16.42,46.62,53.410000000000004
Oregon,2015,16.869999999999997,46.910000000000004,53.09
Oregon,2016,17.109999999999992,47.510000000000005,52.480000000000004
Oregon,2017,17.549999999999997,48.16,51.7
Oregon,2018,17.379999999999995,47.31,52.64
Pennsylvania,2014,17.689999999999994,45.75,54.26
Pennsylvania,2015,18.489999999999995,46.52,53.480000000000004
Pennsylvania,2016,17.61999999999999,45.83,54.16000000000001
Pennsylvania,2017,17.91999999999999,45.98,53.94
Pennsylvania,2018,18.47,46.37,53.61
Rhode Island,2014,18.269999999999996,46.75,53.28000000000001
Rhode Island,2015,16.54,45.33,54.67000000000001
Rhode Island,2016,16.879999999999995,46.39,53.61
Rhode Island,2017,17.489999999999995,46.2,53.7
Rhode Island,2018,17.299999999999994,45.9,54.06000000000001
South Carolina,2014,16.179999999999993,46.86,53.18000000000001
South Carolina,2015,16.720000000000002,47.43,52.56000000000001
South Carolina,2016,17.24,48.38,51.59
South Carolina,2017,17.23,48.33,51.49
South Carolina,2018,17.830000000000002,48.9,51.03
South Dakota,2014,17.80999999999999,42.309999999999995,57.68
South Dakota,2015,17.34,41.4,58.58
South Dakota,2016,17.80999999999999,42.65,57.34
South Dakota,2017,16.720000000000002,41.410000000000004,58.510000000000005
South Dakota,2018,18.369999999999997,42.8,57.190000000000005
Tennessee,2014,18.66,46.46,53.56000000000001
Tennessee,2015,18.489999999999995,46.410000000000004,53.59
Tennessee,2016,19.299999999999994,47.910000000000004,52.09
Tennessee,2017,18.669999999999998,47.4,52.5
Tennessee,2018,20.32999999999999,48.82,51.160000000000004
Texas,2014,22.619999999999997,49.669999999999995,50.32
Texas,2015,21.16,48.92,51.07000000000001
Texas,2016,18.809999999999995,47.02,52.970000000000006
Texas,2017,23.05999999999999,51.23,48.8
Texas,2018,21.309999999999995,48.809999999999995,51.18000000000001
Utah,2014,17.109999999999992,42.66,57.36
Utah,2015,16.65,41.74,58.25
Utah,2016,17.779999999999994,42.88,57.120000000000005
Utah,2017,17.71999999999999,42.449999999999996,57.510000000000005
Utah,2018,18.519999999999992,43.269999999999996,56.720000000000006
Vermont,2014,15.169999999999995,42.27,57.76
Vermont,2015,14.439999999999998,41.53,58.47
Vermont,2016,14.510000000000002,41.94,58.050000000000004
Vermont,2017,15.249999999999996,43.49,56.36
Vermont,2018,15.049999999999997,42.58,57.37
Virginia,2014,15.949999999999998,43.64,56.39000000000001
Virginia,2015,15.839999999999998,43.66,56.34
Virginia,2016,15.749999999999996,44.41,55.580000000000005
Virginia,2017,16.279999999999994,44.97,54.89000000000001
Virginia,2018,16.559999999999995,45.050000000000004,54.89000000000001
Washington,2014,19.650000000000002,46.589999999999996,53.42
Washington,2015,19.539999999999992,46.42,53.59
Washington,2016,20.87,48.53,51.5
Washington,2017,20.199999999999996,49.059999999999995,50.9
Washington,2018,20.309999999999995,49.54,50.43
West Virginia,2014,14.559999999999995,45.550000000000004,54.53
West Virginia,2015,13.969999999999994,45.39,54.63
West Virginia,2016,13.239999999999997,44.84,55.16
West Virginia,2017,13.259999999999994,45.019999999999996,54.68000000000001
West Virginia,2018,13.359999999999994,44.440000000000005,55.44
Wisconsin,2014,16.289999999999992,42.36,57.67
Wisconsin,2015,16.520000000000003,42.65,57.35
Wisconsin,2016,16.959999999999997,43.730000000000004,56.269999999999996
Wisconsin,2017,15.999999999999993,42.88,56.98
Wisconsin,2018,17.199999999999992,43.02,56.96
Wyoming,2014,27.149999999999995,46.68,53.33
Wyoming,2015,24.509999999999998,43.980000000000004,56.10000000000001
Wyoming,2016,22.309999999999995,43.71,56.39000000000001
Wyoming,2017,27.639999999999997,47.82,52.6
Wyoming,2018,24.569999999999993,45.540000000000006,54.559999999999995
